Timestamp,Are you voting on Sri Lanka Presidential Election 2019?,What is the province that your polling station is located?,"According to your understanding, please rate each of the below candidates based on their ""vision"" for the country. [Rohan Pallewatta]","According to your understanding, please rate each of the below candidates based on their ""vision"" for the country. [Anura Kumara Dissanayaka]","According to your understanding, please rate each of the below candidates based on their ""vision"" for the country. [Gotabaya Rajapakasa]","According to your understanding, please rate each of the below candidates based on their ""vision"" for the country. [Sajith Premadasa]","According to your understanding, please rate each of the below candidates based on their ""vision"" for the country. [Mahesh Senanayaka]","According to your understanding, please rate your candidates based on their policy and plan on ""Economic Development"". [Anura Kumara Dissanayaka]","According to your understanding, please rate your candidates based on their policy and plan on ""Economic Development"". [Rohan Pallewatta]","According to your understanding, please rate your candidates based on their policy and plan on ""Economic Development"". [Sajith Premadasa]","According to your understanding, please rate your candidates based on their policy and plan on ""Economic Development"". [Gotabaya Rajapaksa]","According to your understanding, please rate your candidates based on their policy and plan on ""Economic Development"". [Mahesh Senanayaka]","According to your understanding, please rate your candidates based on their policy and plan on ""National Security"". [Mahesh Senanayaka]","According to your understanding, please rate your candidates based on their policy and plan on ""National Security"". [Sajith Premadasa]","According to your understanding, please rate your candidates based on their policy and plan on ""National Security"". [Gotabaya Rajapakasa]","According to your understanding, please rate your candidates based on their policy and plan on ""National Security"". [Anura Kumara Dissanayaka]","According to your understanding, please rate your candidates based on their policy and plan on ""National Security"". [Rohan Pallewatta]","According to your understanding, please rate your candidates based on their policy and plan on ""Education"". [Mahesh Senanayaka]","According to your understanding, please rate your candidates based on their policy and plan on ""Education"". [Sajith Premadasa]","According to your understanding, please rate your candidates based on their policy and plan on ""Education"". [Gotabaya Rajapakasa]","According to your understanding, please rate your candidates based on their policy and plan on ""Education"". [Anura Kumara Dissanayaka]","According to your understanding, please rate your candidates based on their policy and plan on ""Education"". [Rohan Pallewatta]","According to your understanding, please rate your candidates based on their policy and plan on ""Social Empowerment"". [Rohan Pallewatta]","According to your understanding, please rate your candidates based on their policy and plan on ""Social Empowerment"". [Anura Kumara Dissanayaka]","According to your understanding, please rate your candidates based on their policy and plan on ""Social Empowerment"". [Gotabaya Rajapakasa]","According to your understanding, please rate your candidates based on their policy and plan on ""Social Empowerment"". [Sajith Premadasa]","According to your understanding, please rate your candidates based on their policy and plan on ""Social Empowerment"". [Mahesh Senanayaka]","According to your understanding, please rate your candidates based on their policy and plan on ""Foreign Affairs"". [Rohan Pallewatta]","According to your understanding, please rate your candidates based on their policy and plan on ""Foreign Affairs"". [Anura Kumara Dissanayaka]","According to your understanding, please rate your candidates based on their policy and plan on ""Foreign Affairs"". [Gotabaya Rajapakasa]","According to your understanding, please rate your candidates based on their policy and plan on ""Foreign Affairs"". [Sajith Premadasa]","According to your understanding, please rate your candidates based on their policy and plan on ""Foreign Affairs"". [Mahesh Senanayaka]","According to your understanding, please rate your candidates based on their policy and plan on ""National Unity and Reconciliation"". [Rohan Pallewatta]","According to your understanding, please rate your candidates based on their policy and plan on ""National Unity and Reconciliation"". [Anura Kumara Dissanayaka]","According to your understanding, please rate your candidates based on their policy and plan on ""National Unity and Reconciliation"". [Gotabaya Rajapakasa]","According to your understanding, please rate your candidates based on their policy and plan on ""National Unity and Reconciliation"". [Sajith Premadasa]","According to your understanding, please rate your candidates based on their policy and plan on ""National Unity and Reconciliation"". [Mahesh Senanayaka]",Please mention your age range.,Please mention your gender,What is your highest educational qualification?,What is your monthly income?,Your Ethnicity / Race,For whom will you vote?,Who will win the Presidential Election 2019?,Comments
30/10/2019 03:12:07,No,Western,Poor,Fair,Excellent,Poor,Fair,Fair,Fair,Poor,Very good,Poor,Very good,Poor,Excellent,Poor,Poor,Fair,Poor,Excellent,Poor,Poor,Poor,Poor,Satisfactory,Poor,Fair,Poor,Poor,Poor,Poor,Poor,Poor,Poor,Excellent,Poor,Fair,23-29,Female,Bachelors Degree,80000 - 120000,Sinhala,Gotabaya Rajapakasa,Gotabaya Rajapakasa,
30/10/2019 04:20:59,Yes,South,Poor,Fair,Poor,Fair,Fair,Fair,Poor,Satisfactory,Poor,Fair,Satisfactory,Satisfactory,Fair,Fair,Fair,Satisfactory,Satisfactory,Poor,Satisfactory,Poor,Fair,Satisfactory,Poor,Satisfactory,Satisfactory,Fair,Fair,Poor,Satisfactory,Fair,Fair,Satisfactory,Poor,Satisfactory,Satisfactory,48-53,Male,O/L,40000 - 80000,Sinhala,Sajith Premadasa,Sajith Premadasa,
30/10/2019 04:43:31,Yes,Central,Satisfactory,Poor,Excellent,Poor,Poor,Poor,Very good,Poor,Excellent,Poor,Satisfactory,Poor,Excellent,Poor,Poor,Fair,Poor,Excellent,Satisfactory,Satisfactory,Very good,Poor,Excellent,Poor,Poor,Satisfactory,Poor,Excellent,Fair,Poor,Fair,Poor,Excellent,Poor,Poor,23-29,Male,Higher Diploma,10000 - 40000,Sinhala,Gotabaya Rajapakasa,Gotabaya Rajapakasa,gota will be a good president.
30/10/2019 05:00:15,Yes,Sabaragamuwa,Poor,Poor,Satisfactory,Poor,Poor,Poor,Poor,Poor,Fair,Poor,Poor,Poor,Satisfactory,Poor,Poor,Poor,Poor,Fair,Poor,Poor,Poor,Poor,Fair,Poor,Poor,Poor,Poor,Fair,Poor,Poor,Poor,Poor,Fair,Poor,Poor,30-35,Male,Postgraduate Diploma,120000 - 160000,Sinhala,Gotabaya Rajapakasa,Gotabaya Rajapakasa,
30/10/2019 06:20:56,Yes,Western,Fair,Fair,Poor,Fair,Fair,Fair,Fair,Fair,Poor,Fair,Satisfactory,Satisfactory,Satisfactory,Satisfactory,Satisfactory,Poor,Satisfactory,Fair,Satisfactory,Fair,Poor,Fair,Poor,Fair,Poor,Poor,Poor,Poor,Fair,Poor,Poor,Satisfactory,Poor,Satisfactory,Poor,72-77,Male,Higher Diploma,40000 - 80000,Sinhala,Sajith Premadasa,Sajith Premadasa,
30/10/2019 06:26:01,Yes,Central,Satisfactory,Very good,Poor,Poor,Fair,Very good,Very good,Poor,Poor,Fair,Very good,Poor,Satisfactory,Fair,Poor,Fair,Fair,Fair,Fair,Satisfactory,Fair,Fair,Satisfactory,Satisfactory,Fair,Very good,Fair,Fair,Fair,Fair,Fair,Very good,Fair,Very good,Fair,30-35,Male,Bachelors Degree,200000 - 240000,Sinhala,Anura Kumara Dissanayaka,Gotabaya Rajapakasa,
30/10/2019 06:56:55,Yes,Western,Satisfactory,Satisfactory,Poor,Fair,Excellent,Satisfactory,Satisfactory,Fair,Poor,Excellent,Excellent,Fair,Fair,Fair,Fair,Excellent,Satisfactory,Fair,Satisfactory,Fair,Fair,Excellent,Fair,Fair,Excellent,Satisfactory,Fair,Fair,Satisfactory,Excellent,Satisfactory,Satisfactory,Fair,Fair,Excellent,23-29,Male,Diploma,40000 - 80000,Sinhala,Mahesh Senanayaka,Sajith Premadasa,
30/10/2019 07:01:21,Yes,North Western,Poor,Poor,Excellent,Poor,Poor,Poor,Poor,Poor,Excellent,Poor,Poor,Poor,Excellent,Poor,Poor,Poor,Poor,Excellent,Poor,Poor,Poor,Poor,Excellent,Poor,Poor,Poor,Poor,Excellent,Poor,Poor,Poor,Poor,Excellent,Poor,Poor,18-23,Male,Bachelors Degree,"No income, dependent",Sinhala,Gotabaya Rajapakasa,Gotabaya Rajapakasa,
30/10/2019 07:04:53,Yes,Eastern,Poor,Fair,Satisfactory,Satisfactory,Poor,Satisfactory,Poor,Satisfactory,Fair,Poor,Poor,Fair,Satisfactory,Fair,Poor,Fair,Satisfactory,Fair,Satisfactory,Poor,Fair,Fair,Fair,Fair,Fair,Poor,Fair,Satisfactory,Fair,Poor,Poor,Satisfactory,Fair,Satisfactory,Poor,30-35,Male,Higher Diploma,40000 - 80000,Tamil,Sajith Premadasa,Sajith Premadasa,
30/10/2019 07:42:58,Yes,Sabaragamuwa,Satisfactory,Fair,Poor,Very good,Excellent,Satisfactory,Satisfactory,Satisfactory,Poor,Excellent,Excellent,Satisfactory,Fair,Satisfactory,Satisfactory,Very good,Satisfactory,Fair,Satisfactory,Very good,Satisfactory,Satisfactory,Fair,Satisfactory,Satisfactory,Very good,Satisfactory,Poor,Very good,Satisfactory,Satisfactory,Satisfactory,Fair,Satisfactory,Satisfactory,23-29,Male,Higher Diploma,80000 - 120000,Sinhala,Sajith Premadasa,Sajith Premadasa,
30/10/2019 09:47:05,Maybe,South,Fair,Very good,Poor,Poor,Satisfactory,Satisfactory,Poor,Poor,Poor,Poor,Fair,Poor,Fair,Satisfactory,Poor,Poor,Poor,Poor,Satisfactory,Poor,Fair,Very good,Fair,Fair,Poor,Poor,Poor,Poor,Poor,Poor,Fair,Very good,Poor,Poor,Fair,42-47,Male,Masters Degree,320000 - above,Sinhala,Anura Kumara Dissanayaka,Gotabaya Rajapakasa,
30/10/2019 09:57:21,Yes,South,Very good,Excellent,Satisfactory,Fair,Very good,Excellent,Excellent,Poor,Satisfactory,Satisfactory,Excellent,Fair,Very good,Very good,Very good,Fair,Poor,Very good,Excellent,Very good,Satisfactory,Excellent,Poor,Fair,Satisfactory,Excellent,Satisfactory,Very good,Fair,Satisfactory,Satisfactory,Excellent,Poor,Satisfactory,Very good,23-29,Male,Bachelors Degree,120000 - 160000,Sinhala,Anura Kumara Dissanayaka,Gotabaya Rajapakasa,
30/10/2019 10:45:00,Maybe,Western,Fair,Satisfactory,Satisfactory,Poor,Satisfactory,Satisfactory,Satisfactory,Poor,Fair,Fair,Fair,Fair,Satisfactory,Fair,Fair,Fair,Fair,Fair,Fair,Fair,Fair,Fair,Fair,Poor,Fair,Fair,Fair,Fair,Fair,Fair,Fair,Satisfactory,Satisfactory,Fair,Satisfactory,23-29,Male,Bachelors Degree,160000 - 200000,Sinhala,Anura Kumara Dissanayaka,Gotabaya Rajapakasa,
30/10/2019 11:21:35,Yes,Western,Fair,Satisfactory,Fair,Fair,Satisfactory,Satisfactory,Fair,Satisfactory,Fair,Satisfactory,Satisfactory,Satisfactory,Poor,Satisfactory,Satisfactory,Fair,Satisfactory,Fair,Satisfactory,Satisfactory,Satisfactory,Satisfactory,Poor,Satisfactory,Fair,Fair,Poor,Poor,Satisfactory,Fair,Fair,Satisfactory,Poor,Satisfactory,Fair,54-59,Male,Masters Degree,80000 - 120000,Sinhala,Sajith Premadasa,Sajith Premadasa,
30/10/2019 11:47:20,Yes,Western,Very good,Excellent,Satisfactory,Very good,Satisfactory,Excellent,Excellent,Very good,Satisfactory,Fair,Excellent,Very good,Excellent,Satisfactory,Fair,Fair,Very good,Satisfactory,Excellent,Satisfactory,Satisfactory,Excellent,Fair,Excellent,Fair,Excellent,Fair,Poor,Excellent,Satisfactory,Fair,Fair,Poor,Excellent,Fair,23-29,Male,Masters Degree,320000 - above,Sinhala,Sajith Premadasa,Sajith Premadasa,
30/10/2019 11:49:19,Yes,Uva,Poor,Satisfactory,Satisfactory,Fair,Poor,Poor,Fair,Poor,Satisfactory,Poor,Fair,Poor,Satisfactory,Fair,Poor,Poor,Poor,Fair,Satisfactory,Poor,Poor,Fair,Fair,Fair,Poor,Poor,Fair,Satisfactory,Satisfactory,Poor,Poor,Satisfactory,Fair,Fair,Poor,23-29,Male,Bachelors Degree,40000 - 80000,Sinhala,Gotabaya Rajapakasa,Gotabaya Rajapakasa,
30/10/2019 12:14:57,Yes,Western,Poor,Poor,Satisfactory,Poor,Poor,Poor,Poor,Poor,Satisfactory,Poor,Poor,Poor,Satisfactory,Poor,Poor,Poor,Poor,Satisfactory,Poor,Poor,Poor,Poor,Satisfactory,Poor,Poor,Poor,Poor,Satisfactory,Poor,Poor,Poor,Poor,Satisfactory,Poor,Poor,23-29,Male,Bachelors Degree,40000 - 80000,Sinhala,Gotabaya Rajapakasa,Gotabaya Rajapakasa,
30/10/2019 12:17:02,Yes,Western,Fair,Very good,Fair,Poor,Very good,Excellent,Satisfactory,Poor,Satisfactory,Satisfactory,Very good,Fair,Very good,Satisfactory,Satisfactory,Very good,Satisfactory,Very good,Excellent,Satisfactory,Satisfactory,Excellent,Satisfactory,Very good,Very good,Fair,Excellent,Poor,Poor,Satisfactory,Fair,Excellent,Poor,Fair,Very good,18-23,Male,Higher Diploma,"No income, dependent",Sinhala,Mahesh Senanayaka,Sajith Premadasa,
30/10/2019 12:20:42,Yes,Uva,Excellent,Very good,Very good,Satisfactory,Poor,Satisfactory,Excellent,Fair,Very good,Poor,Satisfactory,Fair,Excellent,Fair,Fair,Fair,Satisfactory,Very good,Very good,Very good,Satisfactory,Very good,Very good,Satisfactory,Fair,Excellent,Satisfactory,Excellent,Satisfactory,Poor,Satisfactory,Satisfactory,Very good,Satisfactory,Satisfactory,30-35,Male,Masters Degree,200000 - 240000,Sinhala,Gotabaya Rajapakasa,Gotabaya Rajapakasa,
30/10/2019 12:21:36,Yes,Central,Satisfactory,Very good,Excellent,Poor,Poor,Fair,Poor,Poor,Excellent,Poor,Fair,Poor,Excellent,Satisfactory,Poor,Poor,Poor,Excellent,Satisfactory,Fair,Fair,Fair,Excellent,Poor,Poor,Poor,Poor,Excellent,Satisfactory,Poor,Poor,Satisfactory,Very good,Poor,Poor,18-23,Male,Bachelors Degree,"No income, dependent",Sinhala,Gotabaya Rajapakasa,Gotabaya Rajapakasa,
30/10/2019 12:38:29,Yes,South,Fair,Very good,Satisfactory,Poor,Fair,Satisfactory,Satisfactory,Poor,Satisfactory,Satisfactory,Very good,Poor,Excellent,Satisfactory,Fair,Satisfactory,Poor,Excellent,Very good,Fair,Fair,Very good,Very good,Poor,Satisfactory,Very good,Fair,Very good,Poor,Fair,Fair,Fair,Satisfactory,Satisfactory,Fair,36-41,Male,Bachelors Degree,80000 - 120000,Sinhala,Gotabaya Rajapakasa,Gotabaya Rajapakasa,
30/10/2019 13:05:36,Yes,South,Satisfactory,Satisfactory,Very good,Poor,Satisfactory,Fair,Satisfactory,Fair,Very good,Fair,Satisfactory,Poor,Excellent,Fair,Fair,Satisfactory,Satisfactory,Excellent,Satisfactory,Satisfactory,Satisfactory,Satisfactory,Very good,Fair,Satisfactory,Satisfactory,Fair,Very good,Fair,Fair,Fair,Fair,Satisfactory,Fair,Fair,23-29,Female,Bachelors Degree,120000 - 160000,Sinhala,Gotabaya Rajapakasa,Gotabaya Rajapakasa,
30/10/2019 13:36:03,Yes,Western,Fair,Fair,Satisfactory,Poor,Satisfactory,Fair,Fair,Poor,Satisfactory,Satisfactory,Satisfactory,Fair,Satisfactory,Fair,Poor,Fair,Poor,Fair,Satisfactory,Fair,Poor,Poor,Poor,Poor,Poor,Poor,Poor,Poor,Poor,Poor,Poor,Poor,Poor,Poor,Poor,23-29,Male,Masters Degree,80000 - 120000,Sinhala,Gotabaya Rajapakasa,Gotabaya Rajapakasa,
30/10/2019 14:43:19,Yes,Western,Fair,Fair,Fair,Poor,Fair,Fair,Satisfactory,Poor,Satisfactory,Satisfactory,Satisfactory,Poor,Satisfactory,Fair,Fair,Fair,Poor,Satisfactory,Satisfactory,Fair,Fair,Fair,Fair,Fair,Fair,Satisfactory,Fair,Satisfactory,Fair,Fair,Fair,Fair,Fair,Poor,Satisfactory,18-23,Male,Bachelors Degree,"No income, dependent",Sinhala,Mahesh Senanayaka,Gotabaya Rajapakasa,
30/10/2019 14:51:14,Yes,North Western,Poor,Poor,Satisfactory,Poor,Poor,Poor,Poor,Poor,Satisfactory,Poor,Poor,Poor,Poor,Poor,Poor,Poor,Poor,Satisfactory,Poor,Poor,Poor,Poor,Satisfactory,Poor,Poor,Poor,Poor,Satisfactory,Poor,Poor,Poor,Poor,Satisfactory,Poor,Poor,36-41,Male,Bachelors Degree,80000 - 120000,Sinhala,Gotabaya Rajapakasa,Gotabaya Rajapakasa,
30/10/2019 15:27:14,Yes,North,Poor,Fair,Poor,Fair,Poor,Fair,Poor,Fair,Poor,Poor,Fair,Fair,Fair,Fair,Poor,Poor,Fair,Poor,Fair,Poor,Poor,Fair,Poor,Fair,Poor,Poor,Poor,Poor,Poor,Poor,Poor,Poor,Poor,Fair,Poor,23-29,Male,Bachelors Degree,10000 - 40000,Tamil,Sajith Premadasa,Sajith Premadasa,
30/10/2019 15:55:47,Yes,South,Excellent,Satisfactory,Very good,Very good,Poor,Satisfactory,Excellent,Very good,Very good,Satisfactory,Very good,Excellent,Very good,Fair,Poor,Satisfactory,Satisfactory,Satisfactory,Excellent,Very good,Satisfactory,Very good,Satisfactory,Satisfactory,Poor,Excellent,Fair,Very good,Excellent,Poor,Very good,Very good,Satisfactory,Excellent,Very good,23-29,Male,Masters Degree,80000 - 120000,Sinhala,Rohan Pallewatta,Gotabaya Rajapakasa,
30/10/2019 16:31:09,Yes,Western,Poor,Poor,Fair,Poor,Poor,Poor,Poor,Fair,Fair,Poor,Poor,Fair,Satisfactory,Poor,Poor,Poor,Fair,Satisfactory,Fair,Poor,Poor,Poor,Fair,Fair,Poor,Poor,Poor,Satisfactory,Fair,Poor,Fair,Fair,Fair,Satisfactory,Fair,36-41,Male,A/L,40000 - 80000,Muslim,Gotabaya Rajapakasa,Gotabaya Rajapakasa,
30/10/2019 16:51:35,Yes,Western,Excellent,Excellent,Very good,Satisfactory,Very good,Very good,Excellent,Very good,Very good,Very good,Excellent,Very good,Excellent,Excellent,Satisfactory,Excellent,Excellent,Excellent,Excellent,Excellent,Very good,Very good,Very good,Very good,Very good,Excellent,Excellent,Excellent,Excellent,Excellent,Excellent,Excellent,Excellent,Excellent,Excellent,23-29,Male,Higher Diploma,10000 - 40000,Sinhala,Anura Kumara Dissanayaka,Gotabaya Rajapakasa,
30/10/2019 18:07:09,Yes,Western,Poor,Poor,Satisfactory,Poor,Fair,Poor,Poor,Poor,Satisfactory,Poor,Poor,Poor,Satisfactory,Poor,Poor,Poor,Poor,Satisfactory,Fair,Poor,Poor,Poor,Satisfactory,Poor,Poor,Fair,Poor,Satisfactory,Poor,Poor,Poor,Fair,Satisfactory,Poor,Poor,18-23,Male,A/L,"No income, dependent",Sinhala,Gotabaya Rajapakasa,Gotabaya Rajapakasa,
30/10/2019 18:08:33,Yes,Western,Fair,Fair,Satisfactory,Poor,Poor,Fair,Fair,Poor,Satisfactory,Poor,Fair,Poor,Satisfactory,Fair,Fair,Fair,Poor,Satisfactory,Fair,Fair,Fair,Poor,Satisfactory,Poor,Fair,Fair,Poor,Satisfactory,Poor,Poor,Fair,Fair,Satisfactory,Poor,Fair,23-29,Male,Bachelors Degree,40000 - 80000,Sinhala,Gotabaya Rajapakasa,Gotabaya Rajapakasa,
30/10/2019 18:09:47,Yes,Sabaragamuwa,Poor,Satisfactory,Excellent,Poor,Poor,Satisfactory,Poor,Poor,Excellent,Poor,Fair,Poor,Excellent,Fair,Poor,Poor,Poor,Excellent,Very good,Poor,Poor,Satisfactory,Excellent,Poor,Poor,Poor,Poor,Very good,Poor,Poor,Poor,Satisfactory,Excellent,Poor,Poor,18-23,Male,Undergraduate,10000 - 40000,Sinhala,Gotabaya Rajapakasa,Gotabaya Rajapakasa,
30/10/2019 18:22:42,Yes,Eastern,Poor,Excellent,Satisfactory,Satisfactory,Poor,Satisfactory,Poor,Fair,Fair,Poor,Satisfactory,Poor,Satisfactory,Fair,Poor,Poor,Poor,Poor,Satisfactory,Poor,Poor,Satisfactory,Satisfactory,Satisfactory,Satisfactory,Poor,Fair,Poor,Poor,Fair,Poor,Excellent,Poor,Satisfactory,Very good,72-77,Male,Diploma,10000 - 40000,Muslim,Anura Kumara Dissanayaka,Anura Kumara Dissanayaka,
30/10/2019 18:32:42,Yes,Western,Poor,Fair,Fair,Satisfactory,Fair,Satisfactory,Poor,Satisfactory,Fair,Fair,Fair,Fair,Fair,Fair,Poor,Satisfactory,Satisfactory,Satisfactory,Satisfactory,Fair,Poor,Fair,Poor,Satisfactory,Poor,Fair,Fair,Fair,Satisfactory,Fair,Poor,Fair,Poor,Satisfactory,Fair,42-47,Female,Postgraduate Diploma,320000 - above,Sinhala,Sajith Premadasa,Sajith Premadasa,
30/10/2019 19:16:05,Yes,Sabaragamuwa,Fair,Satisfactory,Satisfactory,Poor,Fair,Fair,Fair,Poor,Fair,Poor,Satisfactory,Fair,Satisfactory,Fair,Poor,Satisfactory,Satisfactory,Satisfactory,Satisfactory,Satisfactory,Fair,Fair,Satisfactory,Fair,Fair,Fair,Fair,Satisfactory,Fair,Fair,Fair,Fair,Satisfactory,Satisfactory,Satisfactory,30-35,Male,Bachelors Degree,160000 - 200000,Sinhala,Gotabaya Rajapakasa,Gotabaya Rajapakasa,
30/10/2019 19:23:15,Yes,Sabaragamuwa,Poor,Satisfactory,Poor,Poor,Fair,Very good,Fair,Poor,Poor,Poor,Satisfactory,Satisfactory,Satisfactory,Satisfactory,Fair,Poor,Fair,Poor,Satisfactory,Poor,Poor,Fair,Fair,Fair,Poor,Fair,Satisfactory,Poor,Satisfactory,Fair,Poor,Fair,Poor,Fair,Poor,30-35,Male,A/L,40000 - 80000,Sinhala,Anura Kumara Dissanayaka,Sajith Premadasa,
30/10/2019 19:23:31,Yes,Western,Satisfactory,Satisfactory,Satisfactory,Poor,Fair,Fair,Satisfactory,Poor,Satisfactory,Poor,Fair,Poor,Satisfactory,Fair,Fair,Poor,Poor,Satisfactory,Fair,Fair,Fair,Satisfactory,Satisfactory,Poor,Fair,Fair,Fair,Fair,Fair,Fair,Fair,Fair,Fair,Fair,Fair,30-35,Male,Postgraduate Diploma,160000 - 200000,Sinhala,Gotabaya Rajapakasa,Gotabaya Rajapakasa,
30/10/2019 19:30:49,Yes,Western,Poor,Fair,Very good,Poor,Fair,Fair,Poor,Poor,Excellent,Fair,Satisfactory,Poor,Excellent,Poor,Poor,Fair,Poor,Very good,Satisfactory,Poor,Fair,Satisfactory,Satisfactory,Poor,Fair,Poor,Poor,Excellent,Poor,Poor,Poor,Poor,Excellent,Poor,Fair,36-41,Male,Higher Diploma,240000 - 280000,Sinhala,Gotabaya Rajapakasa,Gotabaya Rajapakasa,
30/10/2019 19:42:54,Yes,Western,Poor,Poor,Fair,Poor,Poor,Poor,Fair,Poor,Fair,Poor,Satisfactory,Poor,Fair,Poor,Poor,Poor,Poor,Fair,Poor,Poor,Poor,Poor,Fair,Poor,Poor,Poor,Poor,Fair,Poor,Poor,Poor,Poor,Fair,Poor,Poor,42-47,Male,Postgraduate Diploma,320000 - above,Sinhala,Gotabaya Rajapakasa,Gotabaya Rajapakasa,
30/10/2019 19:57:17,Yes,Western,Fair,Poor,Excellent,Poor,Poor,Poor,Fair,Poor,Excellent,Poor,Poor,Poor,Excellent,Poor,Poor,Poor,Poor,Excellent,Poor,Poor,Poor,Poor,Excellent,Poor,Poor,Poor,Poor,Satisfactory,Poor,Fair,Poor,Poor,Excellent,Poor,Poor,48-53,Male,Bachelors Degree,200000 - 240000,Sinhala,Gotabaya Rajapakasa,Gotabaya Rajapakasa,There is no other strong candidate other than Gotabaya.
30/10/2019 20:43:27,Yes,North Central,Poor,Poor,Satisfactory,Poor,Poor,Poor,Poor,Poor,Satisfactory,Poor,Poor,Poor,Satisfactory,Poor,Poor,Poor,Poor,Satisfactory,Poor,Poor,Poor,Poor,Satisfactory,Poor,Poor,Poor,Poor,Satisfactory,Poor,Poor,Poor,Poor,Satisfactory,Poor,Poor,23-29,Male,O/L,10000 - 40000,Sinhala,Gotabaya Rajapakasa,Gotabaya Rajapakasa,
30/10/2019 20:56:55,Yes,Central,Poor,Excellent,Satisfactory,Very good,Satisfactory,Excellent,Poor,Excellent,Fair,Satisfactory,Excellent,Satisfactory,Very good,Satisfactory,Poor,Fair,Satisfactory,Satisfactory,Excellent,Poor,Poor,Excellent,Satisfactory,Excellent,Satisfactory,Poor,Poor,Satisfactory,Excellent,Poor,Poor,Very good,Very good,Very good,Excellent,36-41,Female,Masters Degree,40000 - 80000,Sinhala,Mahesh Senanayaka,Sajith Premadasa,
30/10/2019 21:25:11,Yes,North Western,Fair,Excellent,Fair,Fair,Very good,Excellent,Satisfactory,Fair,Poor,Fair,Excellent,Satisfactory,Excellent,Excellent,Fair,Satisfactory,Very good,Satisfactory,Excellent,Very good,Satisfactory,Excellent,Fair,Fair,Satisfactory,Satisfactory,Very good,Fair,Fair,Fair,Satisfactory,Excellent,Poor,Very good,Very good,30-35,Male,Bachelors Degree,40000 - 80000,Sinhala,Anura Kumara Dissanayaka,Gotabaya Rajapakasa,
30/10/2019 21:32:57,Yes,Western,Very good,Excellent,Poor,Satisfactory,Very good,Very good,Excellent,Satisfactory,Fair,Very good,Excellent,Very good,Satisfactory,Very good,Satisfactory,Very good,Very good,Satisfactory,Excellent,Very good,Excellent,Excellent,Satisfactory,Excellent,Very good,Satisfactory,Satisfactory,Fair,Satisfactory,Satisfactory,Satisfactory,Very good,Poor,Satisfactory,Very good,54-59,Male,PhD,320000 - above,Tamil,Anura Kumara Dissanayaka,Sajith Premadasa,
30/10/2019 21:36:55,Yes,Western,Poor,Poor,Satisfactory,Poor,Poor,Poor,Poor,Poor,Satisfactory,Poor,Poor,Poor,Satisfactory,Poor,Poor,Poor,Poor,Satisfactory,Poor,Poor,Poor,Poor,Satisfactory,Poor,Poor,Poor,Poor,Satisfactory,Poor,Poor,Poor,Poor,Satisfactory,Poor,Poor,48-53,Female,MBBS and MD,160000 - 200000,Sinhala,Gotabaya Rajapakasa,Gotabaya Rajapakasa,
30/10/2019 21:45:30,Yes,Western,Poor,Satisfactory,Excellent,Fair,Fair,Satisfactory,Poor,Fair,Excellent,Satisfactory,Satisfactory,Poor,Excellent,Satisfactory,Poor,Fair,Satisfactory,Excellent,Satisfactory,Poor,Fair,Satisfactory,Excellent,Satisfactory,Fair,Fair,Fair,Excellent,Satisfactory,Fair,Fair,Fair,Excellent,Fair,Fair,23-29,Male,Bachelors Degree,80000 - 120000,Sinhala,Gotabaya Rajapakasa,Gotabaya Rajapakasa,
30/10/2019 22:01:26,Yes,Western,Satisfactory,Fair,Satisfactory,Poor,Fair,Fair,Satisfactory,Poor,Satisfactory,Poor,Fair,Poor,Satisfactory,Poor,Poor,Poor,Poor,Satisfactory,Satisfactory,Fair,Fair,Satisfactory,Satisfactory,Poor,Poor,Satisfactory,Fair,Satisfactory,Poor,Fair,Fair,Satisfactory,Satisfactory,Poor,Satisfactory,30-35,Male,Masters Degree,80000 - 120000,Sinhala,Gotabaya Rajapakasa,Gotabaya Rajapakasa,
30/10/2019 22:09:25,Yes,Central,Fair,Satisfactory,Satisfactory,Poor,Satisfactory,Poor,Fair,Poor,Satisfactory,Fair,Satisfactory,Poor,Satisfactory,Poor,Poor,Fair,Fair,Satisfactory,Satisfactory,Fair,Poor,Satisfactory,Satisfactory,Fair,Satisfactory,Fair,Poor,Satisfactory,Fair,Fair,Poor,Poor,Satisfactory,Poor,Satisfactory,18-23,Male,A/L,10000 - 40000,Sinhala,Gotabaya Rajapakasa,Gotabaya Rajapakasa,
30/10/2019 22:37:36,Yes,Central,Satisfactory,Satisfactory,Excellent,Poor,Fair,Satisfactory,Satisfactory,Poor,Excellent,Fair,Satisfactory,Poor,Excellent,Poor,Fair,Very good,Fair,Excellent,Excellent,Fair,Satisfactory,Satisfactory,Excellent,Satisfactory,Satisfactory,Satisfactory,Very good,Excellent,Very good,Satisfactory,Satisfactory,Very good,Very good,Satisfactory,Satisfactory,30-35,Male,Masters Degree,80000 - 120000,Sinhala,Gotabaya Rajapakasa,Gotabaya Rajapakasa,
30/10/2019 22:40:49,Yes,Western,Satisfactory,Very good,Excellent,Poor,Fair,Very good,Fair,Poor,Very good,Fair,Very good,Poor,Excellent,Fair,Fair,Poor,Fair,Very good,Satisfactory,Satisfactory,Fair,Fair,Very good,Satisfactory,Fair,Satisfactory,Fair,Very good,Fair,Fair,Fair,Very good,Satisfactory,Fair,Fair,23-29,Male,Bachelors Degree,80000 - 120000,Sinhala,Gotabaya Rajapakasa,Gotabaya Rajapakasa,
30/10/2019 22:44:09,Yes,Western,Satisfactory,Very good,Satisfactory,Excellent,Satisfactory,Excellent,Satisfactory,Very good,Very good,Very good,Excellent,Very good,Very good,Very good,Satisfactory,Fair,Excellent,Very good,Very good,Fair,Fair,Satisfactory,Satisfactory,Very good,Satisfactory,Satisfactory,Satisfactory,Very good,Very good,Satisfactory,Satisfactory,Satisfactory,Very good,Very good,Satisfactory,48-53,Male,Bachelors Degree,40000 - 80000,Sinhala,Sajith Premadasa,Gotabaya Rajapakasa,
30/10/2019 22:46:12,Yes,Uva,Satisfactory,Satisfactory,Poor,Poor,Fair,Satisfactory,Fair,Poor,Poor,Fair,Satisfactory,Poor,Poor,Satisfactory,Fair,Fair,Fair,Fair,Satisfactory,Fair,Satisfactory,Satisfactory,Fair,Fair,Satisfactory,Satisfactory,Fair,Satisfactory,Fair,Fair,Satisfactory,Satisfactory,Poor,Poor,Satisfactory,23-29,Male,Masters Degree,160000 - 200000,Muslim,Anura Kumara Dissanayaka,Anura Kumara Dissanayaka,
30/10/2019 23:13:17,Yes,Western,Satisfactory,Fair,Excellent,Poor,Poor,Fair,Satisfactory,Poor,Excellent,Poor,Poor,Poor,Excellent,Satisfactory,Fair,Poor,Satisfactory,Excellent,Poor,Satisfactory,Satisfactory,Very good,Excellent,Poor,Poor,Poor,Fair,Excellent,Poor,Poor,Fair,Poor,Excellent,Poor,Poor,18-23,Male,A/L,10000 - 40000,Sinhala,Gotabaya Rajapakasa,Gotabaya Rajapakasa,
30/10/2019 23:30:24,Yes,South,Poor,Poor,Excellent,Poor,Poor,Poor,Poor,Poor,Excellent,Poor,Poor,Poor,Excellent,Poor,Poor,Poor,Poor,Excellent,Poor,Poor,Poor,Poor,Excellent,Poor,Poor,Poor,Poor,Excellent,Poor,Poor,Poor,Poor,Excellent,Poor,Poor,23-29,Male,Diploma,40000 - 80000,Sinhala,Gotabaya Rajapakasa,Gotabaya Rajapakasa,
30/10/2019 23:55:36,Yes,Western,Fair,Satisfactory,Satisfactory,Poor,Fair,Satisfactory,Poor,Poor,Satisfactory,Poor,Poor,Poor,Satisfactory,Poor,Poor,Poor,Poor,Satisfactory,Satisfactory,Poor,Poor,Poor,Poor,Poor,Satisfactory,Fair,Fair,Satisfactory,Poor,Poor,Poor,Poor,Fair,Poor,Poor,18-23,Male,Bachelors Degree,"No income, dependent",Sinhala,Gotabaya Rajapakasa,Gotabaya Rajapakasa,
31/10/2019 00:46:24,Yes,Western,Poor,Poor,Excellent,Poor,Poor,Poor,Poor,Poor,Excellent,Poor,Poor,Poor,Excellent,Poor,Poor,Poor,Poor,Excellent,Poor,Poor,Poor,Poor,Excellent,Poor,Poor,Poor,Poor,Excellent,Poor,Poor,Poor,Poor,Excellent,Poor,Poor,36-41,Male,Masters Degree,120000 - 160000,Sinhala,Gotabaya Rajapakasa,Gotabaya Rajapakasa,
31/10/2019 02:55:04,Yes,Central,Satisfactory,Satisfactory,Satisfactory,Excellent,Satisfactory,Satisfactory,Very good,Excellent,Satisfactory,Very good,Satisfactory,Excellent,Satisfactory,Satisfactory,Poor,Satisfactory,Excellent,Poor,Fair,Satisfactory,Fair,Poor,Fair,Excellent,Fair,Poor,Poor,Satisfactory,Excellent,Satisfactory,Satisfactory,Poor,Poor,Excellent,Satisfactory,18-23,Male,Diploma,40000 - 80000,Muslim,Sajith Premadasa,Sajith Premadasa,
31/10/2019 04:15:05,Yes,Western,Poor,Poor,Excellent,Poor,Poor,Poor,Poor,Poor,Excellent,Poor,Poor,Poor,Excellent,Poor,Poor,Poor,Poor,Excellent,Poor,Poor,Poor,Poor,Excellent,Poor,Poor,Poor,Poor,Excellent,Poor,Poor,Poor,Poor,Excellent,Poor,Poor,30-35,Male,Higher Diploma,10000 - 40000,Sinhala,Gotabaya Rajapakasa,Gotabaya Rajapakasa,
31/10/2019 05:56:38,Yes,Western,Poor,Fair,Satisfactory,Poor,Poor,Fair,Poor,Poor,Satisfactory,Poor,Poor,Poor,Satisfactory,Poor,Poor,Poor,Poor,Satisfactory,Fair,Poor,Poor,Fair,Satisfactory,Poor,Poor,Poor,Poor,Satisfactory,Poor,Poor,Poor,Fair,Satisfactory,Poor,Poor,23-29,Male,Bachelors Degree,40000 - 80000,Sinhala,Gotabaya Rajapakasa,Gotabaya Rajapakasa,
31/10/2019 08:34:23,Yes,North,Satisfactory,Satisfactory,Satisfactory,Excellent,Satisfactory,Satisfactory,Satisfactory,Excellent,Satisfactory,Satisfactory,Satisfactory,Excellent,Satisfactory,Satisfactory,Satisfactory,Satisfactory,Excellent,Satisfactory,Satisfactory,Satisfactory,Satisfactory,Satisfactory,Satisfactory,Excellent,Satisfactory,Satisfactory,Satisfactory,Satisfactory,Excellent,Satisfactory,Satisfactory,Very good,Satisfactory,Excellent,Satisfactory,30-35,Male,Bachelors Degree,10000 - 40000,Tamil,Sajith Premadasa,Sajith Premadasa,
31/10/2019 08:35:40,Yes,Western,Satisfactory,Satisfactory,Satisfactory,Excellent,Satisfactory,Satisfactory,Excellent,Excellent,Satisfactory,Satisfactory,Satisfactory,Excellent,Excellent,Poor,Poor,Poor,Excellent,Satisfactory,Poor,Poor,Poor,Poor,Satisfactory,Excellent,Poor,Poor,Poor,Satisfactory,Excellent,Poor,Poor,Poor,Satisfactory,Excellent,Poor,18-23,Male,Bachelors Degree,40000 - 80000,Sinhala,Sajith Premadasa,Sajith Premadasa,
31/10/2019 08:59:47,Yes,Western,Poor,Excellent,Satisfactory,Fair,Very good,Excellent,Fair,Satisfactory,Satisfactory,Excellent,Excellent,Excellent,Very good,Satisfactory,Satisfactory,Satisfactory,Satisfactory,Very good,Very good,Poor,Poor,Very good,Fair,Excellent,Satisfactory,Satisfactory,Fair,Poor,Very good,Fair,Poor,Very good,Poor,Very good,Satisfactory,18-23,Male,Bachelors Degree,10000 - 40000,Sinhala,Mahesh Senanayaka,Sajith Premadasa,
31/10/2019 09:05:15,Yes,Western,Poor,Excellent,Satisfactory,Excellent,Satisfactory,Excellent,Fair,Excellent,Fair,Satisfactory,Very good,Excellent,Fair,Very good,Fair,Satisfactory,Excellent,Fair,Very good,Satisfactory,Very good,Very good,Fair,Excellent,Poor,Poor,Fair,Fair,Excellent,Fair,Fair,Very good,Poor,Excellent,Fair,54-59,Male,Masters Degree,40000 - 80000,Tamil,Sajith Premadasa,Sajith Premadasa,
31/10/2019 09:13:41,Yes,Western,Satisfactory,Satisfactory,Excellent,Poor,Fair,Satisfactory,Satisfactory,Poor,Excellent,Fair,Fair,Fair,Excellent,Fair,Satisfactory,Satisfactory,Fair,Excellent,Fair,Very good,Satisfactory,Fair,Very good,Fair,Fair,Satisfactory,Poor,Very good,Fair,Fair,Satisfactory,Satisfactory,Excellent,Fair,Fair,30-35,Male,Higher Diploma,40000 - 80000,Sinhala,Gotabaya Rajapakasa,Gotabaya Rajapakasa,
31/10/2019 10:19:05,Yes,Western,Very good,Very good,Poor,Excellent,Very good,Very good,Very good,Excellent,Poor,Satisfactory,Excellent,Excellent,Poor,Very good,Very good,Very good,Excellent,Poor,Excellent,Excellent,Excellent,Very good,Poor,Excellent,Very good,Very good,Very good,Poor,Excellent,Very good,Very good,Very good,Poor,Excellent,Very good,54-59,Male,O/L,80000 - 120000,Burgher,Sajith Premadasa,Sajith Premadasa,
31/10/2019 11:14:31,Yes,Western,Poor,Fair,Fair,Poor,Poor,Fair,Satisfactory,Poor,Fair,Satisfactory,Satisfactory,Poor,Fair,Fair,Satisfactory,Satisfactory,Satisfactory,Fair,Fair,Satisfactory,Satisfactory,Fair,Fair,Satisfactory,Satisfactory,Fair,Fair,Fair,Fair,Fair,Satisfactory,Fair,Fair,Satisfactory,Satisfactory,18-23,Male,Bachelors Degree,40000 - 80000,Sinhala,Gotabaya Rajapakasa,Gotabaya Rajapakasa,
31/10/2019 11:27:45,Yes,Western,Satisfactory,Very good,Very good,Fair,Very good,Very good,Satisfactory,Satisfactory,Very good,Very good,Very good,Fair,Very good,Satisfactory,Satisfactory,Very good,Satisfactory,Very good,Very good,Very good,Satisfactory,Very good,Very good,Very good,Very good,Satisfactory,Fair,Satisfactory,Very good,Satisfactory,Satisfactory,Satisfactory,Very good,Very good,Satisfactory,30-35,Male,Bachelors Degree,240000 - 280000,Sinhala,Gotabaya Rajapakasa,Gotabaya Rajapakasa,
31/10/2019 11:49:21,Yes,Central,Fair,Very good,Fair,Excellent,Satisfactory,Excellent,Fair,Excellent,Fair,Fair,Very good,Very good,Very good,Excellent,Satisfactory,Fair,Very good,Fair,Very good,Fair,Fair,Satisfactory,Fair,Very good,Satisfactory,Satisfactory,Very good,Satisfactory,Excellent,Very good,Satisfactory,Very good,Satisfactory,Excellent,Satisfactory,48-53,Male,Masters Degree,40000 - 80000,Tamil,Sajith Premadasa,Sajith Premadasa,
31/10/2019 11:59:03,Yes,North Central,Fair,Satisfactory,Satisfactory,Fair,Fair,Satisfactory,Fair,Poor,Satisfactory,Fair,Satisfactory,Poor,Satisfactory,Fair,Poor,Fair,Fair,Satisfactory,Fair,Fair,Fair,Fair,Satisfactory,Satisfactory,Fair,Satisfactory,Fair,Satisfactory,Satisfactory,Satisfactory,Fair,Fair,Satisfactory,Fair,Satisfactory,18-23,Male,Bachelors Degree,10000 - 40000,Sinhala,Gotabaya Rajapakasa,Gotabaya Rajapakasa,
31/10/2019 12:21:35,Yes,South,Satisfactory,Satisfactory,Poor,Satisfactory,Satisfactory,Satisfactory,Satisfactory,Satisfactory,Poor,Satisfactory,Satisfactory,Satisfactory,Poor,Satisfactory,Satisfactory,Satisfactory,Satisfactory,Poor,Satisfactory,Satisfactory,Satisfactory,Satisfactory,Poor,Satisfactory,Satisfactory,Satisfactory,Satisfactory,Poor,Satisfactory,Satisfactory,Satisfactory,Satisfactory,Poor,Satisfactory,Satisfactory,23-29,Female,Masters Degree,160000 - 200000,Sinhala,Sajith Premadasa,Sajith Premadasa,
31/10/2019 14:18:31,Yes,Sabaragamuwa,Poor,Poor,Satisfactory,Poor,Poor,Poor,Poor,Poor,Satisfactory,Poor,Poor,Poor,Satisfactory,Poor,Poor,Poor,Poor,Satisfactory,Poor,Poor,Poor,Poor,Satisfactory,Poor,Poor,Poor,Poor,Satisfactory,Poor,Poor,Poor,Poor,Satisfactory,Poor,Poor,23-29,Male,Bachelors Degree,10000 - 40000,Sinhala,Gotabaya Rajapakasa,Gotabaya Rajapakasa,
31/10/2019 14:45:13,Yes,Sabaragamuwa,Very good,Excellent,Satisfactory,Poor,Excellent,Excellent,Excellent,Poor,Excellent,Very good,Satisfactory,Poor,Excellent,Excellent,Satisfactory,Fair,Poor,Excellent,Excellent,Excellent,Excellent,Excellent,Fair,Poor,Excellent,Excellent,Excellent,Very good,Fair,Excellent,Excellent,Excellent,Satisfactory,Fair,Very good,18-23,Male,A/L,"No income, dependent",Sinhala,Anura Kumara Dissanayaka,Anura Kumara Dissanayaka,
31/10/2019 14:55:07,Yes,North Western,Very good,Satisfactory,Excellent,Poor,Poor,Satisfactory,Excellent,Poor,Excellent,Fair,Poor,Poor,Excellent,Satisfactory,Satisfactory,Fair,Poor,Excellent,Satisfactory,Very good,Satisfactory,Satisfactory,Excellent,Poor,Fair,Excellent,Fair,Excellent,Poor,Poor,Very good,Satisfactory,Excellent,Poor,Poor,30-35,Male,Bachelors Degree,280000 - 320000,Sinhala,Gotabaya Rajapakasa,Baseless question,
31/10/2019 15:13:50,Yes,Western,Fair,Fair,Satisfactory,Poor,Fair,Poor,Fair,Poor,Satisfactory,Fair,Fair,Poor,Satisfactory,Poor,Poor,Poor,Poor,Satisfactory,Fair,Poor,Poor,Fair,Satisfactory,Poor,Poor,Fair,Poor,Satisfactory,Poor,Fair,Poor,Poor,Satisfactory,Poor,Poor,30-35,Male,A/L,320000 - above,Sinhala,Gotabaya Rajapakasa,Gotabaya Rajapakasa,
31/10/2019 15:59:36,Yes,Western,Poor,Poor,Excellent,Poor,Poor,Poor,Poor,Poor,Excellent,Poor,Poor,Poor,Excellent,Poor,Poor,Poor,Poor,Excellent,Poor,Poor,Poor,Poor,Excellent,Poor,Poor,Poor,Poor,Excellent,Poor,Poor,Poor,Poor,Excellent,Poor,Poor,30-35,Male,Bachelors Degree,40000 - 80000,Sinhala,Gotabaya Rajapakasa,Gotabaya Rajapakasa,
31/10/2019 16:06:09,Yes,Western,Satisfactory,Very good,Very good,Satisfactory,Satisfactory,Satisfactory,Satisfactory,Fair,Satisfactory,Satisfactory,Very good,Very good,Very good,Satisfactory,Fair,Satisfactory,Satisfactory,Satisfactory,Satisfactory,Satisfactory,Satisfactory,Very good,Satisfactory,Excellent,Fair,Satisfactory,Fair,Fair,Very good,Fair,Satisfactory,Satisfactory,Fair,Very good,Excellent,23-29,Male,Bachelors Degree,40000 - 80000,Sinhala,Anura Kumara Dissanayaka,Sajith Premadasa,
31/10/2019 16:06:17,Yes,Western,Satisfactory,Very good,Very good,Satisfactory,Satisfactory,Satisfactory,Satisfactory,Fair,Satisfactory,Satisfactory,Very good,Very good,Very good,Satisfactory,Fair,Satisfactory,Satisfactory,Satisfactory,Satisfactory,Satisfactory,Satisfactory,Very good,Satisfactory,Excellent,Fair,Satisfactory,Fair,Fair,Very good,Fair,Satisfactory,Satisfactory,Fair,Very good,Excellent,23-29,Male,Bachelors Degree,40000 - 80000,Sinhala,Anura Kumara Dissanayaka,Sajith Premadasa,
31/10/2019 16:13:26,Yes,Western,Poor,Poor,Excellent,Poor,Poor,Satisfactory,Fair,Poor,Excellent,Poor,Poor,Poor,Excellent,Poor,Poor,Poor,Poor,Excellent,Poor,Poor,Fair,Poor,Excellent,Poor,Poor,Poor,Poor,Excellent,Poor,Poor,Poor,Fair,Excellent,Poor,Poor,18-23,Male,undergraduate ,"No income, dependent",Sinhala,Gotabaya Rajapakasa,Gotabaya Rajapakasa,
31/10/2019 16:27:10,Yes,South,Satisfactory,Excellent,Very good,Very good,Satisfactory,Very good,Fair,Very good,Satisfactory,Satisfactory,Excellent,Excellent,Excellent,Very good,Fair,Satisfactory,Very good,Satisfactory,Excellent,Satisfactory,Satisfactory,Very good,Very good,Excellent,Fair,Satisfactory,Satisfactory,Satisfactory,Very good,Fair,Excellent,Very good,Satisfactory,Excellent,Very good,23-29,Male,Bachelors Degree,40000 - 80000,Sinhala,Sajith Premadasa,Sajith Premadasa,
31/10/2019 16:39:29,Yes,Western,Satisfactory,Satisfactory,Very good,Poor,Satisfactory,Very good,Satisfactory,Poor,Very good,Satisfactory,Very good,Poor,Excellent,Satisfactory,Satisfactory,Very good,Poor,Excellent,Excellent,Very good,Satisfactory,Very good,Very good,Poor,Satisfactory,Fair,Fair,Excellent,Poor,Very good,Satisfactory,Very good,Very good,Poor,Very good,18-23,Male,Bachelors Degree,40000 - 80000,Sinhala,Gotabaya Rajapakasa,Gotabaya Rajapakasa,
31/10/2019 16:42:40,Yes,Western,Fair,Fair,Excellent,Poor,Poor,Fair,Fair,Poor,Very good,Poor,Poor,Poor,Excellent,Poor,Poor,Poor,Fair,Very good,Fair,Poor,Fair,Satisfactory,Excellent,Fair,Poor,Satisfactory,Fair,Satisfactory,Satisfactory,Poor,Poor,Fair,Satisfactory,Poor,Fair,60-65,Male,Higher Diploma,240000 - 280000,Sinhala,Gotabaya Rajapakasa,Gotabaya Rajapakasa,Gota has a proven track record.Can be trusted to deliver
31/10/2019 16:43:20,Yes,Western,Satisfactory,Satisfactory,Satisfactory,Poor,Fair,Satisfactory,Satisfactory,Poor,Satisfactory,Poor,Fair,Poor,Satisfactory,Poor,Fair,Fair,Poor,Satisfactory,Satisfactory,Satisfactory,Satisfactory,Satisfactory,Satisfactory,Fair,Fair,Satisfactory,Poor,Satisfactory,Poor,Poor,Fair,Fair,Fair,Poor,Fair,42-47,Male,Bachelors Degree,40000 - 80000,Sinhala,Gotabaya Rajapakasa,Gotabaya Rajapakasa,
31/10/2019 16:46:51,Yes,Western,Satisfactory,Excellent,Poor,Fair,Satisfactory,Excellent,Satisfactory,Poor,Poor,Satisfactory,Satisfactory,Fair,Fair,Excellent,Satisfactory,Satisfactory,Poor,Poor,Excellent,Satisfactory,Satisfactory,Excellent,Poor,Poor,Satisfactory,Satisfactory,Excellent,Poor,Poor,Satisfactory,Satisfactory,Excellent,Fair,Satisfactory,Satisfactory,23-29,Male,Diploma,40000 - 80000,Sinhala,Anura Kumara Dissanayaka,Anura Kumara Dissanayaka,
31/10/2019 16:47:27,Yes,Western,Excellent,Satisfactory,Excellent,Poor,Poor,Fair,Very good,Poor,Very good,Poor,Poor,Fair,Excellent,Fair,Fair,Poor,Poor,Excellent,Very good,Very good,Very good,Very good,Very good,Very good,Fair,Satisfactory,Satisfactory,Satisfactory,Poor,Poor,Very good,Satisfactory,Satisfactory,Poor,Poor,30-35,Male,Bachelors Degree,320000 - above,Sinhala,Gotabaya Rajapakasa,Gotabaya Rajapakasa,
31/10/2019 16:50:47,Yes,Western,Satisfactory,Very good,Poor,Excellent,Very good,Satisfactory,Satisfactory,Excellent,Poor,Satisfactory,Very good,Excellent,Satisfactory,Very good,Very good,Poor,Excellent,Poor,Poor,Poor,Satisfactory,Satisfactory,Poor,Excellent,Satisfactory,Satisfactory,Satisfactory,Poor,Excellent,Satisfactory,Satisfactory,Satisfactory,Poor,Excellent,Satisfactory,18-23,Male,Bachelors Degree,10000 - 40000,Muslim,Sajith Premadasa,Sajith Premadasa,
31/10/2019 17:31:22,Yes,Western,Very good,Excellent,Poor,Very good,Satisfactory,Excellent,Excellent,Excellent,Poor,Satisfactory,Very good,Very good,Fair,Excellent,Satisfactory,Very good,Excellent,Poor,Excellent,Excellent,Excellent,Excellent,Poor,Excellent,Very good,Very good,Very good,Poor,Excellent,Satisfactory,Satisfactory,Very good,Poor,Excellent,Satisfactory,42-47,Male,Postgraduate Diploma,240000 - 280000,Sinhala,Sajith Premadasa,Sajith Premadasa,Gotha is not a Sri Lankan he is an American.why he left the country? He is not patriotic at all. If he loves country why his wife and children are in America? 
31/10/2019 18:03:36,Yes,Central,Satisfactory,Very good,Satisfactory,Poor,Excellent,Very good,Fair,Poor,Satisfactory,Very good,Excellent,Poor,Satisfactory,Satisfactory,Poor,Excellent,Fair,Fair,Very good,Poor,Very good,Very good,Poor,Poor,Excellent,Satisfactory,Satisfactory,Fair,Poor,Satisfactory,Satisfactory,Very good,Poor,Fair,Excellent,36-41,Male,Masters Degree,80000 - 120000,Sinhala,Mahesh Senanayaka,I think no body can reach 50%+1 margin ,
31/10/2019 19:14:20,Yes,Western,Poor,Poor,Satisfactory,Poor,Poor,Poor,Poor,Poor,Satisfactory,Poor,Poor,Poor,Satisfactory,Poor,Poor,Poor,Poor,Satisfactory,Poor,Poor,Poor,Poor,Satisfactory,Poor,Poor,Poor,Poor,Satisfactory,Poor,Poor,Poor,Poor,Satisfactory,Poor,Poor,18-23,Male,Bachelors Degree,"No income, dependent",Sinhala,Gotabaya Rajapakasa,Gotabaya Rajapakasa,
31/10/2019 19:42:00,Yes,North Western,Fair,Satisfactory,Poor,Very good,Satisfactory,Satisfactory,Fair,Very good,Poor,Fair,Satisfactory,Very good,Satisfactory,Satisfactory,Satisfactory,Very good,Excellent,Fair,Very good,Very good,Satisfactory,Very good,Poor,Excellent,Satisfactory,Satisfactory,Satisfactory,Poor,Excellent,Satisfactory,Satisfactory,Very good,Poor,Excellent,Satisfactory,23-29,Male,Bachelors Degree,40000 - 80000,Sinhala,Sajith Premadasa,Sajith Premadasa,
31/10/2019 19:42:27,Yes,North,Satisfactory,Excellent,Poor,Very good,Satisfactory,Excellent,Fair,Very good,Poor,Satisfactory,Satisfactory,Excellent,Poor,Very good,Fair,Satisfactory,Very good,Poor,Excellent,Fair,Fair,Excellent,Poor,Very good,Satisfactory,Fair,Excellent,Poor,Very good,Satisfactory,Fair,Excellent,Poor,Very good,Satisfactory,48-53,Male,PhD,200000 - 240000,Tamil,Anura Kumara Dissanayaka,Sajith Premadasa,
31/10/2019 19:49:31,Yes,South,Satisfactory,Very good,Satisfactory,Poor,Fair,Excellent,Very good,Poor,Very good,Fair,Satisfactory,Poor,Excellent,Fair,Fair,Fair,Poor,Satisfactory,Very good,Fair,Very good,Excellent,Very good,Poor,Fair,Satisfactory,Satisfactory,Satisfactory,Poor,Fair,Fair,Satisfactory,Satisfactory,Poor,Fair,18-23,Male,A/L,"No income, dependent",Sinhala,Gotabaya Rajapakasa,Gotabaya Rajapakasa,
31/10/2019 19:52:55,Yes,Western,Very good,Fair,Excellent,Poor,Fair,Fair,Satisfactory,Poor,Excellent,Fair,Poor,Poor,Excellent,Poor,Satisfactory,Fair,Poor,Excellent,Fair,Satisfactory,Satisfactory,Fair,Excellent,Poor,Poor,Satisfactory,Poor,Excellent,Poor,Poor,Satisfactory,Poor,Excellent,Poor,Poor,18-23,Male,A/L,"No income, dependent",Sinhala,Gotabaya Rajapakasa,Gotabaya Rajapakasa,
31/10/2019 20:37:22,Yes,Eastern,Poor,Poor,Poor,Excellent,Poor,Poor,Poor,Excellent,Poor,Poor,Poor,Excellent,Poor,Poor,Poor,Poor,Excellent,Poor,Poor,Poor,Poor,Poor,Poor,Excellent,Poor,Poor,Poor,Poor,Excellent,Poor,Poor,Poor,Poor,Excellent,Poor,18-23,Male,Mbbs,"No income, dependent",Sinhala,Sajith Premadasa,Sajith Premadasa,
31/10/2019 20:55:40,Yes,Western,Satisfactory,Satisfactory,Excellent,Poor,Satisfactory,Very good,Very good,Satisfactory,Excellent,Very good,Very good,Satisfactory,Excellent,Satisfactory,Satisfactory,Satisfactory,Satisfactory,Excellent,Satisfactory,Satisfactory,Satisfactory,Satisfactory,Excellent,Very good,Satisfactory,Satisfactory,Satisfactory,Excellent,Fair,Satisfactory,Satisfactory,Satisfactory,Excellent,Satisfactory,Satisfactory,36-41,Male,Masters Degree,160000 - 200000,Sinhala,Gotabaya Rajapakasa,Gotabaya Rajapakasa,
31/10/2019 21:09:59,Yes,Western,Poor,Poor,Excellent,Poor,Poor,Poor,Very good,Poor,Excellent,Poor,Poor,Poor,Excellent,Poor,Poor,Poor,Poor,Excellent,Poor,Very good,Very good,Poor,Excellent,Poor,Poor,Satisfactory,Poor,Excellent,Poor,Poor,Satisfactory,Poor,Excellent,Poor,Poor,30-35,Male,Masters Degree,10000 - 40000,Sinhala,Gotabaya Rajapakasa,Gotabaya Rajapakasa,
31/10/2019 21:15:30,Yes,Central,Satisfactory,Excellent,Very good,Satisfactory,Satisfactory,Excellent,Very good,Satisfactory,Excellent,Satisfactory,Satisfactory,Fair,Satisfactory,Poor,Poor,Fair,Poor,Very good,Very good,Satisfactory,Poor,Excellent,Fair,Poor,Poor,Fair,Fair,Satisfactory,Fair,Poor,Fair,Fair,Poor,Poor,Fair,23-29,Male,Bachelors Degree,"No income, dependent",Sinhala,Anura Kumara Dissanayaka,Gotabaya Rajapakasa,
31/10/2019 21:21:48,Yes,Western,Fair,Fair,Poor,Satisfactory,Fair,Fair,Satisfactory,Satisfactory,Poor,Fair,Satisfactory,Satisfactory,Poor,Fair,Fair,Poor,Satisfactory,Poor,Fair,Fair,Fair,Poor,Poor,Satisfactory,Fair,Satisfactory,Fair,Poor,Satisfactory,Fair,Fair,Satisfactory,Poor,Satisfactory,Fair,30-35,Male,Bachelors Degree,40000 - 80000,Muslim,Sajith Premadasa,Sajith Premadasa,
31/10/2019 21:34:51,Yes,Central,Fair,Satisfactory,Poor,Fair,Fair,Satisfactory,Satisfactory,Fair,Poor,Fair,Fair,Fair,Fair,Satisfactory,Satisfactory,Satisfactory,Fair,Poor,Satisfactory,Satisfactory,Satisfactory,Satisfactory,Poor,Poor,Satisfactory,Satisfactory,Satisfactory,Poor,Fair,Satisfactory,Fair,Satisfactory,Poor,Satisfactory,Satisfactory,23-29,Male,Masters Degree,160000 - 200000,Muslim,Anura Kumara Dissanayaka,Sajith Premadasa,
31/10/2019 21:52:50,Yes,Central,Satisfactory,Satisfactory,Fair,Poor,Satisfactory,Satisfactory,Satisfactory,Poor,Poor,Satisfactory,Satisfactory,Poor,Poor,Satisfactory,Satisfactory,Satisfactory,Poor,Poor,Satisfactory,Satisfactory,Satisfactory,Satisfactory,Poor,Poor,Satisfactory,Satisfactory,Satisfactory,Poor,Poor,Satisfactory,Satisfactory,Satisfactory,Poor,Poor,Satisfactory,18-23,Male,A/L,"No income, dependent",Sinhala,Rohan Pallewatta,Gotabaya Rajapakasa,
31/10/2019 22:23:32,Yes,Western,Satisfactory,Very good,Poor,Excellent,Excellent,Excellent,Satisfactory,Excellent,Poor,Very good,Excellent,Very good,Poor,Satisfactory,Satisfactory,Very good,Very good,Poor,Excellent,Satisfactory,Satisfactory,Very good,Poor,Excellent,Very good,Very good,Very good,Poor,Very good,Very good,Very good,Very good,Poor,Very good,Very good,36-41,Male,Higher Diploma,120000 - 160000,Sinhala,Sajith Premadasa,Sajith Premadasa,
31/10/2019 22:36:57,Yes,Western,Excellent,Satisfactory,Excellent,Poor,Satisfactory,Satisfactory,Excellent,Poor,Excellent,Fair,Excellent,Poor,Excellent,Poor,Satisfactory,Satisfactory,Poor,Very good,Very good,Excellent,Excellent,Satisfactory,Excellent,Satisfactory,Fair,Excellent,Fair,Satisfactory,Fair,Satisfactory,Fair,Fair,Fair,Fair,Fair,30-35,Male,Postgraduate Diploma,120000 - 160000,Sinhala,Gotabaya Rajapakasa,Gotabaya Rajapakasa,
31/10/2019 23:08:58,Yes,Western,Satisfactory,Very good,Fair,Fair,Satisfactory,Very good,Satisfactory,Fair,Satisfactory,Satisfactory,Very good,Satisfactory,Satisfactory,Satisfactory,Fair,Satisfactory,Fair,Fair,Excellent,Satisfactory,Satisfactory,Satisfactory,Satisfactory,Satisfactory,Satisfactory,Satisfactory,Fair,Poor,Fair,Fair,Satisfactory,Very good,Poor,Satisfactory,Satisfactory,42-47,Male,Bachelors Degree,280000 - 320000,Sinhala,Anura Kumara Dissanayaka,Sajith Premadasa,
31/10/2019 23:41:13,Yes,Western,Excellent,Very good,Satisfactory,Excellent,Excellent,Satisfactory,Very good,Very good,Fair,Satisfactory,Very good,Very good,Satisfactory,Very good,Very good,Satisfactory,Very good,Very good,Very good,Excellent,Very good,Very good,Poor,Excellent,Satisfactory,Very good,Fair,Poor,Excellent,Fair,Very good,Satisfactory,Poor,Excellent,Fair,30-35,Male,Masters Degree,120000 - 160000,Tamil,Sajith Premadasa,Sajith Premadasa,
31/10/2019 23:46:43,Yes,Western,Poor,Satisfactory,Excellent,Poor,Poor,Fair,Poor,Poor,Excellent,Poor,Poor,Poor,Excellent,Poor,Poor,Poor,Fair,Excellent,Satisfactory,Fair,Fair,Fair,Very good,Poor,Fair,Fair,Fair,Excellent,Poor,Fair,Fair,Very good,Excellent,Fair,Satisfactory,60-65,Male,Higher Diploma,120000 - 160000,Malay,Gotabaya Rajapakasa,Gotabaya Rajapakasa,
31/10/2019 23:54:35,Yes,North Western,Poor,Excellent,Poor,Very good,Poor,Excellent,Poor,Very good,Poor,Poor,Poor,Excellent,Poor,Excellent,Poor,Poor,Very good,Poor,Excellent,Poor,Poor,Excellent,Poor,Very good,Poor,Poor,Excellent,Poor,Very good,Poor,Poor,Excellent,Poor,Very good,Poor,23-29,Male,Bachelors Degree,40000 - 80000,Muslim,Anura Kumara Dissanayaka,Anura Kumara Dissanayaka,
01/11/2019 01:42:20,Yes,Western,Fair,Satisfactory,Fair,Fair,Fair,Satisfactory,Satisfactory,Fair,Poor,Poor,Satisfactory,Fair,Fair,Satisfactory,Poor,Poor,Poor,Poor,Satisfactory,Fair,Fair,Satisfactory,Poor,Satisfactory,Poor,Fair,Satisfactory,Poor,Satisfactory,Fair,Fair,Satisfactory,Poor,Satisfactory,Satisfactory,18-23,Male,Diploma,10000 - 40000,Sinhala,Anura Kumara Dissanayaka,Sajith Premadasa,
01/11/2019 05:53:36,Yes,Western,Satisfactory,Fair,Poor,Satisfactory,Satisfactory,Fair,Satisfactory,Satisfactory,Poor,Satisfactory,Satisfactory,Satisfactory,Poor,Fair,Fair,Satisfactory,Satisfactory,Poor,Satisfactory,Satisfactory,Satisfactory,Satisfactory,Poor,Satisfactory,Satisfactory,Fair,Fair,Poor,Satisfactory,Satisfactory,Fair,Satisfactory,Poor,Satisfactory,Satisfactory,42-47,Male,Bachelors Degree,"No income, dependent",Sinhala,Mahesh Senanayaka,Sajith Premadasa,
01/11/2019 07:01:59,Yes,Western,Poor,Poor,Satisfactory,Poor,Poor,Poor,Poor,Poor,Satisfactory,Poor,Poor,Poor,Satisfactory,Poor,Poor,Poor,Poor,Satisfactory,Poor,Poor,Poor,Poor,Satisfactory,Poor,Poor,Poor,Poor,Satisfactory,Poor,Poor,Poor,Poor,Satisfactory,Poor,Poor,54-59,Male,A/L,"No income, dependent",Sinhala,Gotabaya Rajapakasa,Gotabaya Rajapakasa,
01/11/2019 07:29:52,Yes,Uva,Very good,Very good,Very good,Satisfactory,Poor,Very good,Excellent,Satisfactory,Very good,Fair,Satisfactory,Fair,Very good,Fair,Satisfactory,Fair,Fair,Satisfactory,Satisfactory,Satisfactory,Satisfactory,Satisfactory,Satisfactory,Fair,Poor,Very good,Fair,Very good,Satisfactory,Satisfactory,Fair,Fair,Satisfactory,Satisfactory,Fair,30-35,Male,Masters Degree,200000 - 240000,Sinhala,Gotabaya Rajapakasa,Gotabaya Rajapakasa,
01/11/2019 07:30:10,Yes,Eastern,Fair,Excellent,Satisfactory,Very good,Poor,Excellent,Poor,Satisfactory,Satisfactory,Poor,Excellent,Satisfactory,Excellent,Satisfactory,Poor,Fair,Very good,Satisfactory,Excellent,Fair,Fair,Excellent,Fair,Excellent,Poor,Poor,Fair,Satisfactory,Excellent,Poor,Fair,Very good,Excellent,Very good,Poor,54-59,Female,Postgraduate Diploma,40000 - 80000,Tamil,Gotabaya Rajapakasa,Gotabaya Rajapakasa,
01/11/2019 07:34:37,Yes,Western,Fair,Satisfactory,Fair,Fair,Fair,Satisfactory,Fair,Fair,Fair,Poor,Satisfactory,Poor,Satisfactory,Poor,Fair,Poor,Fair,Fair,Fair,Poor,Poor,Fair,Fair,Fair,Fair,Satisfactory,Poor,Satisfactory,Satisfactory,Fair,Fair,Satisfactory,Satisfactory,Fair,Fair,18-23,Male,Bachelors Degree,40000 - 80000,Sinhala,Anura Kumara Dissanayaka,Gotabaya Rajapakasa,
01/11/2019 08:00:11,Yes,North Western,Fair,Satisfactory,Poor,Excellent,Fair,Satisfactory,Fair,Excellent,Fair,Fair,Satisfactory,Excellent,Fair,Satisfactory,Poor,Fair,Very good,Fair,Satisfactory,Satisfactory,Fair,Satisfactory,Fair,Excellent,Fair,Poor,Fair,Poor,Excellent,Poor,Fair,Satisfactory,Poor,Excellent,Fair,30-35,Male,A/L,10000 - 40000,Muslim,Sajith Premadasa,Sajith Premadasa,
01/11/2019 08:10:32,Yes,Western,Very good,Fair,Excellent,Poor,Poor,Fair,Excellent,Poor,Excellent,Poor,Satisfactory,Poor,Excellent,Poor,Satisfactory,Fair,Poor,Very good,Very good,Very good,Fair,Satisfactory,Satisfactory,Satisfactory,Fair,Very good,Poor,Very good,Poor,Fair,Fair,Very good,Very good,Satisfactory,Fair,30-35,Male,Masters Degree,120000 - 160000,Sinhala,Gotabaya Rajapakasa,Gotabaya Rajapakasa,
01/11/2019 08:46:51,Yes,Western,Poor,Poor,Satisfactory,Poor,Poor,Poor,Poor,Poor,Satisfactory,Poor,Poor,Poor,Satisfactory,Poor,Poor,Poor,Poor,Satisfactory,Poor,Poor,Poor,Poor,Satisfactory,Poor,Poor,Poor,Poor,Satisfactory,Poor,Poor,Poor,Poor,Satisfactory,Poor,Poor,30-35,Male,Bachelors Degree,320000 - above,Sinhala,Gotabaya Rajapakasa,Gotabaya Rajapakasa,
01/11/2019 09:31:35,Yes,Uva,Poor,Excellent,Very good,Poor,Very good,Satisfactory,Fair,Poor,Very good,Satisfactory,Very good,Satisfactory,Excellent,Very good,Poor,Satisfactory,Poor,Very good,Very good,Poor,Poor,Very good,Very good,Fair,Satisfactory,Poor,Satisfactory,Satisfactory,Satisfactory,Satisfactory,Satisfactory,Excellent,Very good,Fair,Satisfactory,23-29,Male,Bachelors Degree,10000 - 40000,Sinhala,Gotabaya Rajapakasa,Gotabaya Rajapakasa,
01/11/2019 10:21:45,Yes,Central,Fair,Satisfactory,Very good,Poor,Fair,Satisfactory,Satisfactory,Poor,Very good,Fair,Poor,Poor,Excellent,Poor,Poor,Satisfactory,Poor,Excellent,Satisfactory,Satisfactory,Fair,Satisfactory,Very good,Poor,Fair,Very good,Fair,Very good,Poor,Fair,Poor,Fair,Satisfactory,Poor,Poor,30-35,Male,Postgraduate Diploma,40000 - 80000,Sinhala,Gotabaya Rajapakasa,Gotabaya Rajapakasa,
01/11/2019 11:14:02,Yes,Western,Satisfactory,Fair,Satisfactory,Poor,Satisfactory,Satisfactory,Satisfactory,Poor,Satisfactory,Satisfactory,Satisfactory,Poor,Satisfactory,Fair,Fair,Fair,Poor,Fair,Satisfactory,Fair,Fair,Satisfactory,Satisfactory,Poor,Satisfactory,Fair,Fair,Fair,Poor,Fair,Fair,Satisfactory,Fair,Fair,Fair,23-29,Male,Bachelors Degree,"No income, dependent",Sinhala,Gotabaya Rajapakasa,Gotabaya Rajapakasa,
01/11/2019 11:30:44,Yes,Western,Excellent,Excellent,Poor,Excellent,Excellent,Excellent,Excellent,Very good,Fair,Very good,Excellent,Excellent,Satisfactory,Very good,Satisfactory,Very good,Excellent,Fair,Excellent,Very good,Very good,Excellent,Fair,Excellent,Very good,Excellent,Satisfactory,Poor,Excellent,Satisfactory,Excellent,Excellent,Poor,Excellent,Excellent,30-35,Male,Bachelors Degree,320000 - above,Muslim,Sajith Premadasa,Sajith Premadasa,
01/11/2019 12:33:32,Yes,Western,Satisfactory,Fair,Very good,Poor,Poor,Fair,Satisfactory,Poor,Very good,Poor,Fair,Poor,Very good,Poor,Poor,Poor,Poor,Very good,Fair,Fair,Satisfactory,Fair,Very good,Poor,Poor,Satisfactory,Fair,Very good,Fair,Poor,Fair,Fair,Satisfactory,Poor,Poor,30-35,Male,Bachelors Degree,80000 - 120000,Sinhala,Gotabaya Rajapakasa,Gotabaya Rajapakasa,
01/11/2019 14:10:00,Yes,Central,Poor,Poor,Excellent,Poor,Poor,Poor,Poor,Poor,Excellent,Poor,Poor,Poor,Excellent,Poor,Poor,Poor,Poor,Excellent,Poor,Poor,Poor,Poor,Excellent,Poor,Poor,Poor,Poor,Excellent,Poor,Poor,Poor,Poor,Excellent,Poor,Poor,54-59,Male,O/L,40000 - 80000,Sinhala,Gotabaya Rajapakasa,Gotabaya Rajapakasa,Gotabaya is the hero 
01/11/2019 14:17:55,Yes,Western,Fair,Fair,Satisfactory,Poor,Fair,Fair,Fair,Poor,Satisfactory,Fair,Poor,Poor,Satisfactory,Poor,Poor,Fair,Poor,Satisfactory,Fair,Fair,Fair,Fair,Satisfactory,Poor,Fair,Fair,Fair,Satisfactory,Poor,Fair,Poor,Poor,Satisfactory,Poor,Poor,23-29,Male,Bachelors Degree,"No income, dependent",Sinhala,Gotabaya Rajapakasa,Gotabaya Rajapakasa,
01/11/2019 14:25:13,Yes,Western,Satisfactory,Very good,Excellent,Poor,Fair,Satisfactory,Very good,Poor,Excellent,Fair,Fair,Poor,Excellent,Very good,Satisfactory,Very good,Poor,Excellent,Satisfactory,Fair,Satisfactory,Very good,Excellent,Poor,Fair,Fair,Very good,Excellent,Satisfactory,Poor,Fair,Satisfactory,Excellent,Poor,Very good,18-23,Male,A/L,"No income, dependent",Sinhala,Gotabaya Rajapakasa,Gotabaya Rajapakasa,
01/11/2019 15:46:11,Yes,Western,Poor,Poor,Fair,Very good,Fair,Poor,Poor,Very good,Satisfactory,Poor,Fair,Satisfactory,Satisfactory,Poor,Poor,Poor,Very good,Satisfactory,Poor,Poor,Poor,Poor,Fair,Excellent,Poor,Poor,Poor,Poor,Very good,Fair,Poor,Poor,Fair,Very good,Fair,54-59,Female,A/L,"No income, dependent",Sinhala,Sajith Premadasa,Sajith Premadasa,
01/11/2019 17:04:51,Yes,Western,Satisfactory,Satisfactory,Very good,Poor,Poor,Satisfactory,Satisfactory,Poor,Satisfactory,Poor,Fair,Poor,Very good,Poor,Poor,Very good,Poor,Very good,Very good,Very good,Satisfactory,Satisfactory,Excellent,Poor,Poor,Satisfactory,Satisfactory,Very good,Satisfactory,Poor,Poor,Poor,Satisfactory,Poor,Poor,23-29,Male,Bachelors Degree,10000 - 40000,Sinhala,Gotabaya Rajapakasa,Gotabaya Rajapakasa,
01/11/2019 19:32:16,Yes,South,Very good,Very good,Very good,Very good,Very good,Very good,Satisfactory,Very good,Satisfactory,Satisfactory,Excellent,Excellent,Very good,Very good,Very good,Satisfactory,Very good,Very good,Very good,Satisfactory,Satisfactory,Very good,Satisfactory,Excellent,Very good,Satisfactory,Very good,Satisfactory,Very good,Satisfactory,Satisfactory,Satisfactory,Very good,Very good,Satisfactory,23-29,Male,Bachelors Degree,40000 - 80000,Sinhala,Sajith Premadasa,Sajith Premadasa,
01/11/2019 19:42:33,Yes,North Central,Fair,Satisfactory,Excellent,Poor,Fair,Satisfactory,Satisfactory,Fair,Excellent,Poor,Satisfactory,Poor,Excellent,Fair,Poor,Fair,Fair,Excellent,Satisfactory,Fair,Fair,Satisfactory,Excellent,Fair,Fair,Satisfactory,Fair,Excellent,Fair,Fair,Fair,Satisfactory,Very good,Satisfactory,Fair,23-29,Male,Bachelors Degree,40000 - 80000,Sinhala,Gotabaya Rajapakasa,Gotabaya Rajapakasa,
01/11/2019 20:00:22,Yes,North,Fair,Fair,Very good,Fair,Fair,Fair,Fair,Excellent,Fair,Fair,Satisfactory,Satisfactory,Satisfactory,Satisfactory,Satisfactory,Satisfactory,Excellent,Satisfactory,Very good,Satisfactory,Satisfactory,Satisfactory,Satisfactory,Satisfactory,Satisfactory,Fair,Fair,Fair,Fair,Fair,Fair,Fair,Poor,Excellent,Satisfactory,23-29,Male,Bachelors Degree,10000 - 40000,Tamil,Sajith Premadasa,Sajith Premadasa,
01/11/2019 20:07:51,Yes,Central,Very good,Very good,Excellent,Very good,Very good,Satisfactory,Satisfactory,Satisfactory,Satisfactory,Satisfactory,Satisfactory,Satisfactory,Satisfactory,Satisfactory,Satisfactory,Satisfactory,Satisfactory,Satisfactory,Satisfactory,Satisfactory,Satisfactory,Satisfactory,Satisfactory,Satisfactory,Satisfactory,Satisfactory,Satisfactory,Satisfactory,Satisfactory,Satisfactory,Satisfactory,Satisfactory,Satisfactory,Satisfactory,Satisfactory,30-35,Male,Bachelors Degree,120000 - 160000,Sinhala,Gotabaya Rajapakasa,Gotabaya Rajapakasa,
01/11/2019 20:39:10,Yes,North Western,Satisfactory,Fair,Very good,Poor,Satisfactory,Poor,Fair,Poor,Satisfactory,Fair,Satisfactory,Poor,Very good,Poor,Fair,Satisfactory,Poor,Very good,Fair,Satisfactory,Satisfactory,Fair,Very good,Fair,Satisfactory,Satisfactory,Fair,Very good,Fair,Satisfactory,Fair,Fair,Satisfactory,Poor,Fair,23-29,Male,Bachelors Degree,40000 - 80000,Sinhala,Gotabaya Rajapakasa,Gotabaya Rajapakasa,
01/11/2019 20:53:13,Yes,Western,Poor,Very good,Poor,Very good,Satisfactory,Satisfactory,Fair,Very good,Fair,Fair,Satisfactory,Very good,Satisfactory,Satisfactory,Fair,Fair,Very good,Fair,Satisfactory,Fair,Fair,Satisfactory,Fair,Very good,Satisfactory,Satisfactory,Satisfactory,Fair,Very good,Satisfactory,Poor,Satisfactory,Poor,Very good,Very good,30-35,Male,Masters Degree,200000 - 240000,Sinhala,Sajith Premadasa,Sajith Premadasa,
01/11/2019 20:58:15,Yes,Western,Fair,Excellent,Fair,Very good,Satisfactory,Excellent,Very good,Excellent,Satisfactory,Very good,Excellent,Excellent,Satisfactory,Excellent,Very good,Very good,Excellent,Satisfactory,Very good,Very good,Very good,Satisfactory,Satisfactory,Very good,Very good,Very good,Very good,Satisfactory,Excellent,Excellent,Very good,Satisfactory,Poor,Satisfactory,Excellent,36-41,Male,Bachelors Degree,10000 - 40000,Muslim,Anura Kumara Dissanayaka,Sajith Premadasa,
01/11/2019 21:06:26,Yes,Sabaragamuwa,Poor,Poor,Poor,Very good,Poor,Poor,Poor,Very good,Poor,Poor,Poor,Very good,Poor,Poor,Poor,Poor,Very good,Poor,Poor,Poor,Poor,Poor,Poor,Very good,Poor,Poor,Poor,Poor,Very good,Poor,Poor,Poor,Poor,Very good,Poor,30-35,Male,A/L,10000 - 40000,Muslim,Sajith Premadasa,Sajith Premadasa,
01/11/2019 21:28:09,Yes,Western,Poor,Poor,Excellent,Poor,Poor,Poor,Poor,Poor,Excellent,Poor,Poor,Poor,Excellent,Poor,Poor,Poor,Poor,Excellent,Poor,Poor,Poor,Poor,Excellent,Poor,Poor,Poor,Poor,Excellent,Poor,Poor,Poor,Poor,Excellent,Poor,Poor,23-29,Male,Bachelors Degree,80000 - 120000,Sinhala,Gotabaya Rajapakasa,Gotabaya Rajapakasa,
01/11/2019 21:34:34,Yes,Western,Poor,Poor,Satisfactory,Satisfactory,Poor,Fair,Poor,Poor,Satisfactory,Poor,Poor,Poor,Satisfactory,Poor,Poor,Poor,Poor,Satisfactory,Fair,Fair,Poor,Poor,Satisfactory,Poor,Poor,Fair,Poor,Satisfactory,Poor,Poor,Poor,Fair,Satisfactory,Poor,Poor,30-35,Male,Bachelors Degree,40000 - 80000,Sinhala,Gotabaya Rajapakasa,Gotabaya Rajapakasa,
01/11/2019 22:01:54,Yes,Western,Satisfactory,Fair,Satisfactory,Fair,Fair,Fair,Satisfactory,Fair,Satisfactory,Fair,Fair,Poor,Satisfactory,Poor,Poor,Poor,Fair,Satisfactory,Fair,Satisfactory,Fair,Satisfactory,Fair,Fair,Poor,Satisfactory,Fair,Satisfactory,Poor,Poor,Fair,Fair,Fair,Poor,Poor,23-29,Male,Masters Degree,200000 - 240000,Sinhala,Gotabaya Rajapakasa,Gotabaya Rajapakasa,
01/11/2019 22:26:04,Yes,Western,Fair,Fair,Satisfactory,Poor,Poor,Poor,Fair,Poor,Fair,Poor,Satisfactory,Fair,Satisfactory,Poor,Poor,Fair,Fair,Satisfactory,Fair,Fair,Fair,Fair,Satisfactory,Poor,Poor,Fair,Poor,Fair,Satisfactory,Fair,Poor,Fair,Poor,Fair,Fair,23-29,Male,Masters Degree,80000 - 120000,Sinhala,Gotabaya Rajapakasa,Gotabaya Rajapakasa,
01/11/2019 22:41:38,Yes,Western,Fair,Fair,Satisfactory,Poor,Poor,Fair,Fair,Poor,Satisfactory,Poor,Fair,Poor,Satisfactory,Poor,Poor,Poor,Poor,Satisfactory,Poor,Poor,Poor,Fair,Satisfactory,Poor,Poor,Fair,Fair,Satisfactory,Poor,Poor,Poor,Fair,Satisfactory,Fair,Fair,30-35,Male,Bachelors Degree,120000 - 160000,Sinhala,Gotabaya Rajapakasa,Gotabaya Rajapakasa,
01/11/2019 23:22:37,Yes,North,Poor,Fair,Poor,Fair,Poor,Satisfactory,Fair,Satisfactory,Poor,Fair,Fair,Satisfactory,Fair,Fair,Poor,Fair,Fair,Fair,Satisfactory,Fair,Fair,Satisfactory,Fair,Satisfactory,Fair,Poor,Fair,Fair,Fair,Poor,Fair,Satisfactory,Poor,Satisfactory,Fair,36-41,Male,Masters Degree,40000 - 80000,Tamil,Anura Kumara Dissanayaka,Sajith Premadasa,
02/11/2019 00:37:48,Yes,Western,Satisfactory,Fair,Satisfactory,Satisfactory,Fair,Satisfactory,Satisfactory,Satisfactory,Satisfactory,Satisfactory,Very good,Very good,Satisfactory,Poor,Poor,Poor,Very good,Satisfactory,Satisfactory,Fair,Satisfactory,Satisfactory,Satisfactory,Very good,Satisfactory,Poor,Poor,Fair,Fair,Poor,Fair,Satisfactory,Fair,Satisfactory,Fair,30-35,Male,Higher Diploma,40000 - 80000,Sinhala,Sajith Premadasa,Sajith Premadasa,
02/11/2019 07:16:41,Yes,Western,Fair,Fair,Very good,Satisfactory,Fair,Fair,Fair,Satisfactory,Fair,Fair,Satisfactory,Satisfactory,Fair,Poor,Poor,Poor,Satisfactory,Fair,Satisfactory,Poor,Poor,Satisfactory,Fair,Satisfactory,Satisfactory,Fair,Poor,Fair,Satisfactory,Fair,Fair,Satisfactory,Poor,Satisfactory,Satisfactory,30-35,Male,A/L,40000 - 80000,Malay,Sajith Premadasa,Sajith Premadasa,
02/11/2019 07:23:26,Yes,Western,Fair,Fair,Very good,Fair,Fair,Fair,Fair,Fair,Very good,Fair,Poor,Poor,Very good,Poor,Poor,Fair,Satisfactory,Very good,Fair,Fair,Fair,Fair,Satisfactory,Satisfactory,Fair,Fair,Fair,Satisfactory,Satisfactory,Fair,Satisfactory,Satisfactory,Very good,Very good,Satisfactory,36-41,Male,Masters Degree,120000 - 160000,Sinhala,Gotabaya Rajapakasa,Gotabaya Rajapakasa,
02/11/2019 07:31:04,Yes,Western,Satisfactory,Satisfactory,Poor,Fair,Satisfactory,Satisfactory,Satisfactory,Fair,Fair,Fair,Fair,Fair,Fair,Fair,Fair,Fair,Fair,Poor,Satisfactory,Satisfactory,Fair,Satisfactory,Poor,Fair,Satisfactory,Satisfactory,Fair,Poor,Fair,Fair,Fair,Satisfactory,Poor,Fair,Fair,48-53,Male,Bachelors Degree,240000 - 280000,Sinhala,Anura Kumara Dissanayaka,Sajith Premadasa,
02/11/2019 08:27:18,Yes,Central,Poor,Poor,Satisfactory,Poor,Poor,Poor,Poor,Poor,Satisfactory,Poor,Poor,Poor,Satisfactory,Poor,Poor,Poor,Poor,Satisfactory,Poor,Poor,Poor,Poor,Satisfactory,Poor,Poor,Fair,Poor,Satisfactory,Poor,Poor,Fair,Poor,Satisfactory,Poor,Poor,66-71,Male,Diploma,80000 - 120000,Sinhala,Gotabaya Rajapakasa,Gotabaya Rajapakasa,
02/11/2019 08:39:18,Yes,Eastern,Satisfactory,Very good,Excellent,Satisfactory,Satisfactory,Satisfactory,Satisfactory,Satisfactory,Excellent,Satisfactory,Excellent,Satisfactory,Satisfactory,Satisfactory,Satisfactory,Satisfactory,Satisfactory,Excellent,Satisfactory,Satisfactory,Satisfactory,Satisfactory,Excellent,Satisfactory,Satisfactory,Excellent,Satisfactory,Satisfactory,Satisfactory,Satisfactory,Excellent,Satisfactory,Satisfactory,Satisfactory,Satisfactory,30-35,Male,Bachelors Degree,80000 - 120000,Tamil,Gotabaya Rajapakasa,Gotabaya Rajapakasa,
02/11/2019 09:04:27,Yes,Western,Fair,Very good,Poor,Excellent,Satisfactory,Satisfactory,Satisfactory,Excellent,Poor,Fair,Very good,Excellent,Poor,Fair,Fair,Fair,Excellent,Poor,Satisfactory,Fair,Fair,Satisfactory,Poor,Excellent,Fair,Satisfactory,Satisfactory,Poor,Excellent,Satisfactory,Fair,Fair,Poor,Excellent,Very good,18-23,Male,A/L,"No income, dependent",Sinhala,Sajith Premadasa,Sajith Premadasa,
02/11/2019 09:12:38,Yes,Western,Fair,Fair,Fair,Fair,Fair,Poor,Poor,Fair,Poor,Poor,Poor,Poor,Poor,Poor,Poor,Poor,Fair,Poor,Poor,Poor,Poor,Poor,Poor,Fair,Poor,Poor,Poor,Poor,Fair,Poor,Poor,Poor,Poor,Fair,Poor,54-59,Male,Postgraduate Diploma,80000 - 120000,Tamil,Sajith Premadasa,Sajith Premadasa,
02/11/2019 09:58:50,Yes,North Western,Poor,Fair,Excellent,Poor,Poor,Satisfactory,Fair,Poor,Excellent,Poor,Fair,Poor,Excellent,Poor,Poor,Poor,Fair,Excellent,Satisfactory,Satisfactory,Fair,Fair,Excellent,Fair,Poor,Satisfactory,Poor,Excellent,Poor,Poor,Poor,Poor,Excellent,Poor,Poor,30-35,Male,Diploma,10000 - 40000,Sinhala,Gotabaya Rajapakasa,Gotabaya Rajapakasa,
02/11/2019 10:01:45,Yes,Central,Satisfactory,Fair,Excellent,Fair,Poor,Fair,Satisfactory,Poor,Excellent,Poor,Fair,Satisfactory,Excellent,Poor,Poor,Poor,Poor,Excellent,Fair,Poor,Poor,Fair,Excellent,Fair,Poor,Fair,Poor,Excellent,Fair,Poor,Poor,Satisfactory,Excellent,Fair,Poor,30-35,Male,Masters Degree,160000 - 200000,Sinhala,Gotabaya Rajapakasa,Gotabaya Rajapakasa,
02/11/2019 10:07:02,Yes,Western,Very good,Excellent,Very good,Excellent,Very good,Excellent,Excellent,Excellent,Satisfactory,Fair,Excellent,Excellent,Excellent,Excellent,Very good,Excellent,Excellent,Excellent,Excellent,Excellent,Satisfactory,Excellent,Very good,Excellent,Satisfactory,Excellent,Very good,Fair,Excellent,Very good,Fair,Excellent,Poor,Excellent,Excellent,23-29,Male,Bachelors Degree,40000 - 80000,Sinhala,Sajith Premadasa,Sajith Premadasa,
02/11/2019 10:18:09,Yes,Central,Fair,Very good,Satisfactory,Excellent,Fair,Very good,Satisfactory,Excellent,Satisfactory,Satisfactory,Satisfactory,Excellent,Satisfactory,Satisfactory,Satisfactory,Satisfactory,Very good,Satisfactory,Very good,Very good,Satisfactory,Very good,Satisfactory,Excellent,Satisfactory,Fair,Very good,Satisfactory,Satisfactory,Fair,Satisfactory,Very good,Fair,Excellent,Very good,23-29,Male,Bachelors Degree,10000 - 40000,Muslim,Sajith Premadasa,Sajith Premadasa,No need  Ethnicity here
02/11/2019 10:48:39,Yes,Eastern,Poor,Poor,Excellent,Poor,Poor,Poor,Poor,Poor,Excellent,Poor,Poor,Poor,Excellent,Poor,Poor,Poor,Poor,Excellent,Poor,Poor,Poor,Poor,Excellent,Poor,Poor,Poor,Poor,Excellent,Poor,Poor,Poor,Poor,Excellent,Poor,Poor,30-35,Male,Higher Diploma,80000 - 120000,Sinhala,Gotabaya Rajapakasa,Gotabaya Rajapakasa,
02/11/2019 11:18:57,Yes,North,Poor,Fair,Poor,Satisfactory,Fair,Fair,Poor,Satisfactory,Poor,Fair,Fair,Satisfactory,Fair,Fair,Poor,Fair,Satisfactory,Poor,Fair,Poor,Poor,Fair,Poor,Satisfactory,Fair,Poor,Fair,Poor,Satisfactory,Fair,Poor,Fair,Poor,Satisfactory,Fair,66-71,Male,A/L,10000 - 40000,Tamil,Sajith Premadasa,Sajith Premadasa,Sagith premadasa's victory. Will help to maintain law&order & comunal harmany in this country
02/11/2019 11:54:01,Yes,Western,Fair,Satisfactory,Satisfactory,Poor,Poor,Fair,Fair,Poor,Satisfactory,Poor,Fair,Poor,Satisfactory,Fair,Poor,Fair,Poor,Satisfactory,Satisfactory,Fair,Fair,Fair,Satisfactory,Fair,Fair,Poor,Poor,Satisfactory,Fair,Poor,Poor,Fair,Satisfactory,Poor,Poor,18-23,Male,A/L,"No income, dependent",Sinhala,Gotabaya Rajapakasa,Gotabaya Rajapakasa,
02/11/2019 12:20:39,Yes,Western,Satisfactory,Satisfactory,Satisfactory,Satisfactory,Satisfactory,Satisfactory,Satisfactory,Satisfactory,Satisfactory,Satisfactory,Satisfactory,Satisfactory,Satisfactory,Satisfactory,Satisfactory,Satisfactory,Satisfactory,Satisfactory,Satisfactory,Satisfactory,Satisfactory,Satisfactory,Satisfactory,Satisfactory,Satisfactory,Satisfactory,Satisfactory,Satisfactory,Satisfactory,Satisfactory,Satisfactory,Satisfactory,Satisfactory,Satisfactory,Satisfactory,23-29,Male,Bachelors Degree,10000 - 40000,Sinhala,Mahesh Senanayaka,Gotabaya Rajapakasa,
02/11/2019 13:07:22,Yes,Eastern,Fair,Very good,Fair,Excellent,Fair,Very good,Fair,Excellent,Fair,Fair,Very good,Excellent,Satisfactory,Very good,Satisfactory,Satisfactory,Excellent,Fair,Very good,Fair,Satisfactory,Very good,Poor,Excellent,Satisfactory,Satisfactory,Very good,Fair,Excellent,Satisfactory,Satisfactory,Very good,Poor,Excellent,Excellent,23-29,Male,Bachelors Degree,160000 - 200000,Muslim,Sajith Premadasa,Sajith Premadasa,
02/11/2019 13:43:40,Yes,Western,Poor,Poor,Excellent,Poor,Poor,Poor,Poor,Poor,Excellent,Poor,Poor,Poor,Excellent,Poor,Poor,Poor,Poor,Excellent,Poor,Poor,Poor,Poor,Excellent,Poor,Poor,Poor,Poor,Excellent,Poor,Poor,Poor,Poor,Excellent,Poor,Poor,18-23,Male,A/L,40000 - 80000,Malay,Gotabaya Rajapakasa,Gotabaya Rajapakasa,
02/11/2019 14:17:27,Yes,Central,Poor,Fair,Very good,Fair,Poor,Satisfactory,Fair,Poor,Excellent,Fair,Satisfactory,Fair,Excellent,Poor,Poor,Fair,Fair,Excellent,Satisfactory,Fair,Satisfactory,Fair,Excellent,Fair,Fair,Fair,Poor,Excellent,Fair,Poor,Satisfactory,Very good,Satisfactory,Satisfactory,Satisfactory,66-71,Male,Postgraduate Diploma,40000 - 80000,Sinhala,Gotabaya Rajapakasa,Gotabaya Rajapakasa,"I am worried about national and personal security, as well as no opportunities to startups that can create a youth unrest"
02/11/2019 14:48:47,Yes,Western,Poor,Fair,Poor,Satisfactory,Fair,Poor,Poor,Satisfactory,Fair,Poor,Fair,Satisfactory,Poor,Poor,Poor,Poor,Satisfactory,Poor,Poor,Poor,Fair,Fair,Poor,Satisfactory,Fair,Fair,Poor,Poor,Satisfactory,Poor,Fair,Fair,Poor,Satisfactory,Fair,23-29,Male,Masters Degree,200000 - 240000,Muslim,Sajith Premadasa,Sajith Premadasa,
02/11/2019 15:14:26,Yes,Western,Poor,Poor,Satisfactory,Poor,Poor,Fair,Poor,Poor,Satisfactory,Poor,Fair,Poor,Satisfactory,Poor,Poor,Poor,Poor,Satisfactory,Fair,Poor,Poor,Fair,Satisfactory,Poor,Poor,Poor,Fair,Satisfactory,Poor,Poor,Poor,Fair,Satisfactory,Fair,Poor,60-65,Male,O/L,40000 - 80000,Sinhala,Gotabaya Rajapakasa,Gotabaya Rajapakasa,Gotabhaya is only can save and develope our mather land.
02/11/2019 16:49:49,Yes,North Western,Poor,Fair,Satisfactory,Poor,Fair,Fair,Fair,Poor,Satisfactory,Fair,Fair,Poor,Satisfactory,Poor,Poor,Fair,Fair,Satisfactory,Fair,Fair,Fair,Fair,Satisfactory,Poor,Fair,Fair,Poor,Satisfactory,Poor,Fair,Poor,Poor,Satisfactory,Poor,Fair,54-59,Male,Bachelors Degree,240000 - 280000,Sinhala,Gotabaya Rajapakasa,Gotabaya Rajapakasa,
02/11/2019 17:16:26,Yes,Central,Fair,Fair,Satisfactory,Poor,Fair,Fair,Fair,Poor,Fair,Poor,Fair,Poor,Satisfactory,Fair,Poor,Poor,Fair,Fair,Fair,Fair,Fair,Poor,Fair,Fair,Fair,Satisfactory,Poor,Satisfactory,Poor,Fair,Fair,Fair,Fair,Fair,Poor,54-59,Male,Diploma,80000 - 120000,Sinhala,Gotabaya Rajapakasa,Gotabaya Rajapakasa,
02/11/2019 17:21:41,Yes,Central,Fair,Fair,Satisfactory,Poor,Poor,Fair,Fair,Poor,Fair,Poor,Poor,Poor,Satisfactory,Fair,Poor,Poor,Fair,Satisfactory,Satisfactory,Fair,Fair,Fair,Satisfactory,Fair,Poor,Fair,Fair,Fair,Poor,Poor,Poor,Fair,Fair,Fair,Poor,54-59,Male,Diploma,80000 - 120000,Sinhala,Gotabaya Rajapakasa,Gotabaya Rajapakasa,55%      
02/11/2019 18:07:59,Yes,Western,Satisfactory,Satisfactory,Fair,Poor,Fair,Satisfactory,Satisfactory,Poor,Fair,Fair,Satisfactory,Poor,Satisfactory,Satisfactory,Fair,Satisfactory,Poor,Fair,Satisfactory,Satisfactory,Satisfactory,Satisfactory,Fair,Poor,Fair,Satisfactory,Satisfactory,Poor,Poor,Satisfactory,Satisfactory,Satisfactory,Fair,Poor,Satisfactory,30-35,Male,Bachelors Degree,120000 - 160000,Sinhala,Anura Kumara Dissanayaka,Gotabaya Rajapakasa,
02/11/2019 18:21:43,Yes,Western,Satisfactory,Very good,Fair,Satisfactory,Very good,Very good,Very good,Satisfactory,Poor,Very good,Excellent,Very good,Poor,Satisfactory,Satisfactory,Very good,Satisfactory,Poor,Satisfactory,Very good,Satisfactory,Satisfactory,Poor,Very good,Very good,Very good,Satisfactory,Fair,Satisfactory,Satisfactory,Very good,Satisfactory,Poor,Very good,Very good,36-41,Male,Masters Degree,120000 - 160000,Tamil,Sajith Premadasa,Sajith Premadasa,
02/11/2019 18:28:35,Yes,Western,Poor,Fair,Satisfactory,Poor,Poor,Satisfactory,Poor,Poor,Satisfactory,Poor,Satisfactory,Poor,Satisfactory,Poor,Poor,Poor,Poor,Satisfactory,Satisfactory,Poor,Poor,Satisfactory,Satisfactory,Poor,Poor,Poor,Poor,Satisfactory,Fair,Fair,Poor,Fair,Fair,Fair,Poor,36-41,Male,PhD,80000 - 120000,Sinhala,Gotabaya Rajapakasa,Gotabaya Rajapakasa,
02/11/2019 19:06:48,Yes,Western,Poor,Excellent,Poor,Poor,Poor,Excellent,Poor,Poor,Poor,Poor,Poor,Poor,Poor,Excellent,Poor,Poor,Poor,Poor,Excellent,Poor,Poor,Excellent,Poor,Poor,Poor,Poor,Excellent,Poor,Poor,Poor,Poor,Excellent,Poor,Poor,Poor,48-53,Male,Higher Diploma,120000 - 160000,Sinhala,Anura Kumara Dissanayaka,Anura Kumara Dissanayaka,
02/11/2019 19:16:19,No,Sabaragamuwa,Fair,Fair,Satisfactory,Poor,Fair,Poor,Poor,Poor,Satisfactory,Poor,Satisfactory,Poor,Satisfactory,Poor,Poor,Poor,Poor,Satisfactory,Fair,Fair,Fair,Fair,Satisfactory,Poor,Fair,Fair,Poor,Satisfactory,Fair,Poor,Poor,Fair,Satisfactory,Fair,Poor,42-47,Male,A/L,10000 - 40000,Sinhala,Gotabaya Rajapakasa,Gotabaya Rajapakasa,
02/11/2019 19:21:48,Yes,Western,Poor,Poor,Excellent,Poor,Poor,Poor,Poor,Poor,Excellent,Poor,Poor,Poor,Excellent,Poor,Poor,Poor,Poor,Excellent,Poor,Poor,Poor,Poor,Excellent,Poor,Poor,Poor,Poor,Excellent,Poor,Poor,Poor,Poor,Excellent,Poor,Poor,42-47,Male,Bachelors Degree,200000 - 240000,Sinhala,Gotabaya Rajapakasa,Gotabaya Rajapakasa,GR is the best
02/11/2019 19:49:34,Yes,Western,Poor,Satisfactory,Fair,Satisfactory,Poor,Fair,Poor,Satisfactory,Fair,Poor,Satisfactory,Satisfactory,Satisfactory,Satisfactory,Fair,Fair,Satisfactory,Fair,Fair,Fair,Fair,Fair,Fair,Satisfactory,Fair,Satisfactory,Fair,Fair,Satisfactory,Poor,Fair,Satisfactory,Fair,Satisfactory,Satisfactory,30-35,Male,Professionaly qualified,80000 - 120000,Muslim,Sajith Premadasa,Sajith Premadasa,SP Need more camping in upcoming days to keep his winning status 
02/11/2019 20:01:42,Yes,Western,Fair,Very good,Poor,Poor,Satisfactory,Very good,Fair,Poor,Fair,Fair,Satisfactory,Fair,Fair,Satisfactory,Poor,Satisfactory,Poor,Fair,Very good,Fair,Fair,Satisfactory,Satisfactory,Very good,Satisfactory,Fair,Satisfactory,Poor,Satisfactory,Fair,Poor,Excellent,Poor,Poor,Very good,23-29,Male,Bachelors Degree,"No income, dependent",Sinhala,Anura Kumara Dissanayaka,Gotabaya Rajapakasa,
02/11/2019 20:08:06,Yes,Western,Satisfactory,Fair,Satisfactory,Poor,Fair,Poor,Fair,Fair,Satisfactory,Poor,Satisfactory,Poor,Satisfactory,Poor,Poor,Fair,Fair,Satisfactory,Satisfactory,Satisfactory,Fair,Fair,Fair,Fair,Fair,Satisfactory,Fair,Satisfactory,Fair,Fair,Fair,Fair,Fair,Fair,Fair,23-29,Male,O/L,10000 - 40000,Sinhala,Gotabaya Rajapakasa,Gotabaya Rajapakasa,
02/11/2019 20:43:28,Yes,Western,Poor,Satisfactory,Fair,Poor,Poor,Fair,Poor,Poor,Fair,Poor,Poor,Poor,Satisfactory,Poor,Poor,Poor,Poor,Fair,Satisfactory,Poor,Poor,Satisfactory,Satisfactory,Fair,Poor,Poor,Poor,Poor,Poor,Poor,Poor,Fair,Fair,Fair,Poor,42-47,Male,Masters Degree,120000 - 160000,Sinhala,Gotabaya Rajapakasa,Gotabaya Rajapakasa,
02/11/2019 20:45:13,Yes,Western,Poor,Poor,Excellent,Satisfactory,Poor,Fair,Satisfactory,Satisfactory,Very good,Fair,Poor,Fair,Excellent,Fair,Poor,Poor,Fair,Very good,Fair,Fair,Fair,Fair,Satisfactory,Fair,Fair,Satisfactory,Fair,Excellent,Very good,Fair,Satisfactory,Satisfactory,Excellent,Very good,Satisfactory,54-59,Male,Diploma,160000 - 200000,Sinhala,Gotabaya Rajapakasa,Gotabaya Rajapakasa,
02/11/2019 22:12:28,Yes,Western,Poor,Fair,Excellent,Poor,Fair,Fair,Poor,Poor,Excellent,Fair,Very good,Poor,Excellent,Satisfactory,Poor,Fair,Poor,Excellent,Satisfactory,Poor,Satisfactory,Excellent,Excellent,Satisfactory,Satisfactory,Poor,Very good,Excellent,Poor,Poor,Satisfactory,Satisfactory,Satisfactory,Satisfactory,Satisfactory,36-41,Male,Masters Degree,320000 - above,Sinhala,Gotabaya Rajapakasa,Gotabaya Rajapakasa,
02/11/2019 22:31:21,Yes,Central,Poor,Poor,Poor,Satisfactory,Poor,Poor,Poor,Satisfactory,Poor,Poor,Poor,Satisfactory,Poor,Poor,Poor,Poor,Satisfactory,Poor,Poor,Poor,Poor,Poor,Poor,Satisfactory,Poor,Poor,Poor,Poor,Satisfactory,Poor,Poor,Poor,Poor,Satisfactory,Poor,48-53,Male,Diploma,120000 - 160000,Muslim,Sajith Premadasa,Sajith Premadasa,
02/11/2019 22:34:07,Yes,Western,Poor,Satisfactory,Fair,Fair,Poor,Satisfactory,Fair,Fair,Fair,Poor,Fair,Fair,Satisfactory,Fair,Poor,Poor,Satisfactory,Fair,Satisfactory,Poor,Poor,Satisfactory,Fair,Satisfactory,Fair,Poor,Fair,Fair,Satisfactory,Poor,Poor,Satisfactory,Fair,Satisfactory,Poor,30-35,Male,Diploma,40000 - 80000,Tamil,Sajith Premadasa,Sajith Premadasa,
02/11/2019 23:28:21,Yes,South,Poor,Satisfactory,Satisfactory,Fair,Poor,Fair,Fair,Poor,Satisfactory,Poor,Fair,Poor,Satisfactory,Fair,Poor,Poor,Fair,Satisfactory,Satisfactory,Fair,Fair,Fair,Fair,Satisfactory,Poor,Poor,Fair,Fair,Fair,Poor,Poor,Fair,Satisfactory,Satisfactory,Poor,30-35,Female,Bachelors Degree,40000 - 80000,Sinhala,Gotabaya Rajapakasa,Gotabaya Rajapakasa,
02/11/2019 23:29:18,Yes,Western,Poor,Poor,Excellent,Poor,Poor,Poor,Poor,Poor,Excellent,Poor,Poor,Poor,Excellent,Poor,Poor,Poor,Poor,Excellent,Poor,Poor,Poor,Poor,Excellent,Poor,Poor,Poor,Poor,Excellent,Poor,Poor,Poor,Fair,Excellent,Poor,Poor,23-29,Male,Masters Degree,240000 - 280000,Sinhala,Gotabaya Rajapakasa,Gotabaya Rajapakasa,
02/11/2019 23:31:05,Yes,Western,Fair,Satisfactory,Satisfactory,Poor,Fair,Satisfactory,Fair,Poor,Satisfactory,Fair,Satisfactory,Poor,Satisfactory,Satisfactory,Fair,Fair,Poor,Satisfactory,Satisfactory,Poor,Fair,Satisfactory,Satisfactory,Poor,Fair,Poor,Satisfactory,Satisfactory,Poor,Fair,Satisfactory,Satisfactory,Satisfactory,Poor,Satisfactory,30-35,Male,Bachelors Degree,120000 - 160000,Sinhala,Gotabaya Rajapakasa,Gotabaya Rajapakasa,
03/11/2019 00:44:30,Yes,Central,Fair,Fair,Poor,Fair,Fair,Poor,Fair,Fair,Poor,Fair,Fair,Fair,Fair,Fair,Fair,Poor,Fair,Poor,Fair,Fair,Fair,Fair,Poor,Fair,Poor,Fair,Poor,Poor,Fair,Fair,Fair,Poor,Poor,Fair,Fair,66-71,Male,Diploma,"No income, dependent",Sinhala,Sajith Premadasa,Sajith Premadasa,
03/11/2019 05:17:23,Yes,Central,Poor,Poor,Excellent,Poor,Poor,Poor,Poor,Poor,Poor,Poor,Poor,Poor,Excellent,Poor,Poor,Poor,Poor,Excellent,Poor,Poor,Poor,Poor,Excellent,Poor,Poor,Poor,Poor,Excellent,Poor,Poor,Poor,Poor,Excellent,Poor,Poor,54-59,Male,Masters Degree,160000 - 200000,Sinhala,Gotabaya Rajapakasa,Gotabaya Rajapakasa,
03/11/2019 06:50:42,Yes,Western,Poor,Poor,Excellent,Poor,Poor,Poor,Poor,Poor,Excellent,Poor,Poor,Poor,Excellent,Poor,Poor,Poor,Poor,Excellent,Poor,Poor,Poor,Poor,Excellent,Poor,Poor,Poor,Poor,Excellent,Poor,Poor,Poor,Poor,Excellent,Poor,Poor,23-29,Male,Masters Degree,40000 - 80000,Sinhala,Gotabaya Rajapakasa,Gotabaya Rajapakasa,
03/11/2019 07:21:40,Yes,South,Poor,Poor,Fair,Poor,Poor,Poor,Poor,Poor,Fair,Poor,Poor,Poor,Fair,Poor,Poor,Poor,Poor,Fair,Poor,Poor,Poor,Poor,Fair,Poor,Poor,Poor,Poor,Fair,Poor,Poor,Poor,Poor,Fair,Poor,Poor,30-35,Male,A/L,40000 - 80000,Sinhala,Gotabaya Rajapakasa,Gotabaya Rajapakasa,
03/11/2019 08:00:52,Yes,North Western,Satisfactory,Satisfactory,Fair,Fair,Fair,Fair,Fair,Poor,Fair,Fair,Satisfactory,Fair,Satisfactory,Fair,Fair,Fair,Fair,Fair,Fair,Fair,Fair,Fair,Fair,Fair,Fair,Satisfactory,Fair,Fair,Satisfactory,Fair,Fair,Fair,Fair,Fair,Fair,30-35,Male,Masters Degree,280000 - 320000,Sinhala,Mahesh Senanayaka,Gotabaya Rajapakasa,
03/11/2019 08:24:52,Yes,Sabaragamuwa,Excellent,Very good,Excellent,Poor,Satisfactory,Satisfactory,Very good,Satisfactory,Excellent,Satisfactory,Satisfactory,Satisfactory,Excellent,Very good,Very good,Satisfactory,Satisfactory,Very good,Very good,Very good,Satisfactory,Satisfactory,Satisfactory,Satisfactory,Satisfactory,Fair,Satisfactory,Fair,Satisfactory,Satisfactory,Fair,Fair,Satisfactory,Satisfactory,Fair,23-29,Male,Bachelors Degree,80000 - 120000,Sinhala,Gotabaya Rajapakasa,Gotabaya Rajapakasa,
03/11/2019 08:31:56,Yes,Eastern,Poor,Fair,Poor,Satisfactory,Fair,Fair,Poor,Satisfactory,Poor,Fair,Fair,Satisfactory,Poor,Fair,Poor,Fair,Satisfactory,Poor,Fair,Poor,Poor,Fair,Poor,Satisfactory,Fair,Poor,Fair,Poor,Satisfactory,Fair,Poor,Fair,Fair,Satisfactory,Fair,18-23,Male,Bachelors Degree,10000 - 40000,Muslim,Sajith Premadasa,Sajith Premadasa,
03/11/2019 10:16:38,Yes,Central,Poor,Poor,Excellent,Poor,Poor,Poor,Poor,Poor,Excellent,Poor,Poor,Poor,Excellent,Poor,Poor,Poor,Poor,Excellent,Very good,Poor,Poor,Very good,Excellent,Poor,Poor,Poor,Satisfactory,Excellent,Poor,Poor,Poor,Satisfactory,Excellent,Poor,Poor,60-65,Male,A/L,40000 - 80000,Yakkah ,Gotabaya Rajapakasa,Gotabaya Rajapakasa,"We need a peaceful, secure,developed country for my children and grandchildren "
03/11/2019 12:05:44,Yes,North Central,Fair,Satisfactory,Fair,Satisfactory,Fair,Very good,Very good,Very good,Satisfactory,Satisfactory,Very good,Very good,Very good,Very good,Very good,Satisfactory,Excellent,Satisfactory,Very good,Satisfactory,Satisfactory,Excellent,Satisfactory,Excellent,Very good,Excellent,Satisfactory,Fair,Very good,Satisfactory,Satisfactory,Fair,Fair,Very good,Satisfactory,30-35,Male,Bachelors Degree,120000 - 160000,Sinhala,Sajith Premadasa,Sajith Premadasa,
03/11/2019 12:11:55,Yes,Western,Satisfactory,Satisfactory,Satisfactory,Poor,Satisfactory,Satisfactory,Satisfactory,Poor,Satisfactory,Satisfactory,Very good,Poor,Excellent,Satisfactory,Fair,Very good,Poor,Excellent,Very good,Excellent,Satisfactory,Very good,Very good,Very good,Satisfactory,Excellent,Fair,Very good,Poor,Satisfactory,Fair,Satisfactory,Excellent,Poor,Very good,23-29,Male,Bachelors Degree,40000 - 80000,Chetty,Gotabaya Rajapakasa,Gotabaya Rajapakasa,
03/11/2019 12:26:57,Yes,Western,Very good,Excellent,Poor,Fair,Fair,Excellent,Satisfactory,Poor,Poor,Fair,Satisfactory,Fair,Poor,Excellent,Satisfactory,Satisfactory,Fair,Poor,Excellent,Very good,Satisfactory,Excellent,Poor,Fair,Satisfactory,Satisfactory,Excellent,Poor,Poor,Fair,Fair,Excellent,Poor,Fair,Fair,23-29,Male,A/L,"No income, dependent",Tamil,Anura Kumara Dissanayaka,Sajith Premadasa,
03/11/2019 13:46:07,Yes,Sabaragamuwa,Satisfactory,Satisfactory,Poor,Satisfactory,Satisfactory,Satisfactory,Satisfactory,Satisfactory,Poor,Satisfactory,Satisfactory,Satisfactory,Poor,Satisfactory,Satisfactory,Satisfactory,Satisfactory,Poor,Satisfactory,Satisfactory,Satisfactory,Satisfactory,Poor,Satisfactory,Satisfactory,Satisfactory,Satisfactory,Poor,Satisfactory,Satisfactory,Satisfactory,Satisfactory,Poor,Satisfactory,Satisfactory,30-35,Male,Diploma,40000 - 80000,Sinhala,Gotabaya Rajapakasa,Gotabaya Rajapakasa,Good
03/11/2019 13:47:20,Yes,South,Poor,Very good,Fair,Satisfactory,Very good,Fair,Poor,Satisfactory,Fair,Satisfactory,Satisfactory,Satisfactory,Satisfactory,Fair,Poor,Fair,Satisfactory,Fair,Excellent,Poor,Poor,Fair,Poor,Excellent,Poor,Fair,Satisfactory,Satisfactory,Satisfactory,Fair,Fair,Very good,Poor,Very good,Very good,30-35,Male,Bachelors Degree,80000 - 120000,Sinhala,Sajith Premadasa,Sajith Premadasa,
03/11/2019 13:57:19,Yes,Western,Fair,Fair,Satisfactory,Poor,Fair,Poor,Satisfactory,Poor,Satisfactory,Fair,Satisfactory,Poor,Satisfactory,Poor,Fair,Poor,Poor,Satisfactory,Fair,Fair,Fair,Fair,Fair,Fair,Poor,Fair,Poor,Satisfactory,Poor,Poor,Poor,Fair,Satisfactory,Fair,Poor,23-29,Male,Higher Diploma,40000 - 80000,Sinhala,Gotabaya Rajapakasa,Gotabaya Rajapakasa,
03/11/2019 14:21:36,Yes,Western,Very good,Very good,Very good,Excellent,Very good,Very good,Very good,Very good,Satisfactory,Satisfactory,Very good,Excellent,Excellent,Very good,Satisfactory,Satisfactory,Excellent,Very good,Satisfactory,Satisfactory,Very good,Satisfactory,Satisfactory,Very good,Satisfactory,Satisfactory,Very good,Excellent,Very good,Very good,Very good,Very good,Very good,Excellent,Excellent,30-35,Male,Bachelors Degree,10000 - 40000,Tamil,Sajith Premadasa,Gotabaya Rajapakasa,
03/11/2019 14:45:05,Yes,Uva,Poor,Fair,Satisfactory,Poor,Fair,Poor,Poor,Poor,Satisfactory,Poor,Fair,Poor,Satisfactory,Poor,Poor,Satisfactory,Poor,Satisfactory,Satisfactory,Poor,Poor,Poor,Satisfactory,Poor,Poor,Poor,Poor,Satisfactory,Satisfactory,Poor,Poor,Fair,Satisfactory,Fair,Fair,23-29,Male,Bachelors Degree,10000 - 40000,Sinhala,Gotabaya Rajapakasa,Gotabaya Rajapakasa,
03/11/2019 14:45:11,Yes,Uva,Poor,Fair,Satisfactory,Poor,Fair,Poor,Poor,Poor,Satisfactory,Poor,Fair,Poor,Satisfactory,Poor,Poor,Satisfactory,Poor,Satisfactory,Satisfactory,Poor,Poor,Poor,Satisfactory,Poor,Poor,Poor,Poor,Satisfactory,Satisfactory,Poor,Poor,Fair,Satisfactory,Fair,Fair,23-29,Male,Bachelors Degree,10000 - 40000,Sinhala,Gotabaya Rajapakasa,Gotabaya Rajapakasa,
03/11/2019 15:19:46,Yes,North Western,Satisfactory,Satisfactory,Satisfactory,Fair,Satisfactory,Satisfactory,Satisfactory,Poor,Satisfactory,Poor,Fair,Fair,Very good,Satisfactory,Poor,Satisfactory,Satisfactory,Satisfactory,Satisfactory,Satisfactory,Poor,Satisfactory,Satisfactory,Satisfactory,Satisfactory,Poor,Fair,Satisfactory,Poor,Poor,Poor,Very good,Satisfactory,Poor,Poor,30-35,Male,Postgraduate Diploma,40000 - 80000,Burgher,Gotabaya Rajapakasa,Gotabaya Rajapakasa,
03/11/2019 16:01:08,Yes,Western,Fair,Satisfactory,Very good,Poor,Very good,Satisfactory,Poor,Poor,Very good,Satisfactory,Satisfactory,Fair,Excellent,Fair,Poor,Satisfactory,Satisfactory,Very good,Very good,Poor,Very good,Very good,Excellent,Satisfactory,Very good,Satisfactory,Fair,Very good,Very good,Satisfactory,Very good,Satisfactory,Very good,Very good,Very good,23-29,Male,Bachelors Degree,160000 - 200000,Sinhala,Gotabaya Rajapakasa,Gotabaya Rajapakasa,
03/11/2019 16:14:51,Yes,Western,Fair,Very good,Excellent,Poor,Satisfactory,Very good,Fair,Poor,Excellent,Fair,Poor,Satisfactory,Excellent,Satisfactory,Poor,Poor,Poor,Very good,Fair,Poor,Poor,Satisfactory,Satisfactory,Satisfactory,Poor,Poor,Satisfactory,Satisfactory,Fair,Poor,Poor,Satisfactory,Satisfactory,Fair,Poor,23-29,Male,Bachelors Degree,10000 - 40000,Sinhala,Gotabaya Rajapakasa,Gotabaya Rajapakasa,
03/11/2019 16:42:33,Yes,Western,Poor,Satisfactory,Fair,Fair,Fair,Satisfactory,Poor,Fair,Fair,Fair,Satisfactory,Satisfactory,Fair,Fair,Poor,Fair,Satisfactory,Fair,Satisfactory,Fair,Poor,Satisfactory,Fair,Satisfactory,Fair,Poor,Fair,Fair,Satisfactory,Fair,Fair,Fair,Fair,Fair,Fair,30-35,Male,Bachelors Degree,80000 - 120000,Sinhala,Sajith Premadasa,Sajith Premadasa,
03/11/2019 17:06:59,Yes,Western,Satisfactory,Very good,Poor,Poor,Satisfactory,Very good,Very good,Poor,Fair,Poor,Fair,Fair,Fair,Fair,Fair,Satisfactory,Poor,Poor,Very good,Fair,Fair,Fair,Fair,Fair,Poor,Fair,Fair,Poor,Poor,Poor,Poor,Satisfactory,Poor,Fair,Fair,36-41,Female,Bachelors Degree,80000 - 120000,Sinhala,Anura Kumara Dissanayaka,Sajith Premadasa,
03/11/2019 17:40:35,Yes,Western,Satisfactory,Excellent,Very good,Excellent,Satisfactory,Excellent,Excellent,Excellent,Excellent,Very good,Excellent,Excellent,Excellent,Very good,Very good,Satisfactory,Excellent,Very good,Excellent,Very good,Satisfactory,Excellent,Excellent,Excellent,Very good,Very good,Very good,Very good,Excellent,Very good,Satisfactory,Excellent,Excellent,Excellent,Satisfactory,23-29,Male,A/L,40000 - 80000,Sinhala,Sajith Premadasa,Sajith Premadasa,
03/11/2019 17:40:51,Yes,Western,Excellent,Excellent,Satisfactory,Poor,Excellent,Excellent,Excellent,Satisfactory,Satisfactory,Excellent,Excellent,Satisfactory,Excellent,Satisfactory,Satisfactory,Very good,Satisfactory,Excellent,Excellent,Excellent,Excellent,Excellent,Satisfactory,Satisfactory,Excellent,Excellent,Satisfactory,Poor,Poor,Satisfactory,Excellent,Very good,Poor,Satisfactory,Excellent,23-29,Male,Masters Degree,40000 - 80000,Sinhala,Anura Kumara Dissanayaka,Sajith Premadasa,
03/11/2019 18:34:10,Yes,Western,Satisfactory,Fair,Excellent,Fair,Fair,Fair,Fair,Satisfactory,Excellent,Fair,Fair,Fair,Excellent,Satisfactory,Fair,Satisfactory,Very good,Excellent,Fair,Satisfactory,Satisfactory,Fair,Very good,Satisfactory,Fair,Fair,Fair,Very good,Satisfactory,Fair,Poor,Poor,Excellent,Poor,Poor,66-71,Male,Bachelors Degree,80000 - 120000,Sinhala,Gotabaya Rajapakasa,Gotabaya Rajapakasa,
03/11/2019 19:24:20,Yes,South,Very good,Satisfactory,Excellent,Poor,Fair,Satisfactory,Satisfactory,Poor,Very good,Fair,Satisfactory,Poor,Very good,Fair,Fair,Very good,Fair,Excellent,Excellent,Very good,Fair,Fair,Excellent,Satisfactory,Fair,Satisfactory,Satisfactory,Very good,Satisfactory,Satisfactory,Fair,Fair,Satisfactory,Satisfactory,Fair,48-53,Male,A/L,40000 - 80000,Sinhala,Gotabaya Rajapakasa,Gotabaya Rajapakasa,
03/11/2019 19:53:36,Yes,Western,Fair,Fair,Fair,Poor,Poor,Poor,Poor,Poor,Fair,Poor,Poor,Poor,Satisfactory,Fair,Poor,Fair,Poor,Satisfactory,Satisfactory,Fair,Fair,Fair,Fair,Fair,Poor,Poor,Fair,Fair,Poor,Poor,Poor,Poor,Fair,Fair,Poor,23-29,Male,Higher Diploma,200000 - 240000,Sinhala,Gotabaya Rajapakasa,Gotabaya Rajapakasa,
03/11/2019 19:56:11,Yes,Sabaragamuwa,Excellent,Excellent,Excellent,Excellent,Excellent,Very good,Excellent,Excellent,Very good,Very good,Excellent,Excellent,Excellent,Very good,Satisfactory,Excellent,Very good,Very good,Excellent,Excellent,Very good,Very good,Satisfactory,Excellent,Very good,Excellent,Very good,Very good,Very good,Excellent,Very good,Very good,Poor,Excellent,Very good,23-29,Male,Higher Diploma,10000 - 40000,Sinhala,Mahesh Senanayaka,Sajith Premadasa,
03/11/2019 20:33:20,Yes,Western,Fair,Poor,Poor,Poor,Satisfactory,Fair,Fair,Poor,Poor,Fair,Satisfactory,Fair,Poor,Poor,Poor,Satisfactory,Poor,Poor,Fair,Poor,Fair,Fair,Poor,Poor,Satisfactory,Poor,Poor,Poor,Poor,Fair,Poor,Poor,Poor,Poor,Satisfactory,36-41,Male,Postgraduate Diploma,320000 - above,Sinhala,Mahesh Senanayaka,Mahesh Senanayaka,
03/11/2019 20:42:28,Yes,Western,Fair,Fair,Excellent,Poor,Poor,Fair,Fair,Poor,Excellent,Poor,Fair,Poor,Excellent,Poor,Poor,Poor,Poor,Excellent,Fair,Poor,Fair,Poor,Very good,Fair,Poor,Fair,Poor,Very good,Poor,Poor,Fair,Fair,Excellent,Poor,Poor,36-41,Male,Masters Degree,80000 - 120000,Sinhala,Gotabaya Rajapakasa,Gotabaya Rajapakasa,
03/11/2019 20:53:48,No,Central,Poor,Poor,Poor,Poor,Poor,Poor,Poor,Poor,Fair,Poor,Fair,Poor,Satisfactory,Poor,Poor,Poor,Poor,Poor,Poor,Poor,Poor,Poor,Poor,Poor,Poor,Poor,Poor,Poor,Poor,Poor,Poor,Poor,Poor,Poor,Poor,23-29,Male,Diploma,320000 - above,Sinhala,Battaramulle Seelarathana bro,****shiya Danthanarayana,i much love to fill google forms.  any other???
03/11/2019 21:08:24,Yes,Western,Satisfactory,Satisfactory,Excellent,Poor,Satisfactory,Fair,Fair,Poor,Satisfactory,Poor,Satisfactory,Poor,Excellent,Fair,Fair,Poor,Poor,Very good,Very good,Fair,Fair,Satisfactory,Very good,Fair,Poor,Fair,Fair,Very good,Poor,Poor,Satisfactory,Fair,Very good,Poor,Satisfactory,48-53,Male,Bachelors Degree,120000 - 160000,Sinhala,Gotabaya Rajapakasa,Gotabaya Rajapakasa,
03/11/2019 21:09:58,Yes,Central,Satisfactory,Satisfactory,Very good,Fair,Fair,Very good,Satisfactory,Satisfactory,Very good,Fair,Satisfactory,Satisfactory,Excellent,Satisfactory,Fair,Fair,Satisfactory,Very good,Excellent,Fair,Very good,Very good,Very good,Very good,Very good,Very good,Satisfactory,Very good,Very good,Fair,Fair,Very good,Very good,Very good,Satisfactory,30-35,Male,Higher Diploma,80000 - 120000,Sinhala,Gotabaya Rajapakasa,Gotabaya Rajapakasa,
03/11/2019 21:11:43,Yes,Western,Fair,Satisfactory,Satisfactory,Fair,Fair,Fair,Fair,Fair,Satisfactory,Fair,Satisfactory,Fair,Satisfactory,Fair,Fair,Fair,Fair,Satisfactory,Satisfactory,Fair,Fair,Satisfactory,Satisfactory,Fair,Fair,Fair,Satisfactory,Satisfactory,Fair,Fair,Fair,Satisfactory,Satisfactory,Satisfactory,Satisfactory,23-29,Male,Diploma,40000 - 80000,Sinhala,Gotabaya Rajapakasa,Gotabaya Rajapakasa,
03/11/2019 21:25:58,Yes,Central,Satisfactory,Very good,Very good,Satisfactory,Satisfactory,Very good,Satisfactory,Fair,Very good,Satisfactory,Very good,Satisfactory,Excellent,Satisfactory,Satisfactory,Satisfactory,Satisfactory,Very good,Excellent,Fair,Satisfactory,Satisfactory,Satisfactory,Satisfactory,Satisfactory,Satisfactory,Satisfactory,Satisfactory,Very good,Fair,Fair,Very good,Very good,Very good,Very good,30-35,Male,Higher Diploma,80000 - 120000,Sinhala,Gotabaya Rajapakasa,Gotabaya Rajapakasa,
03/11/2019 22:20:34,Yes,North Western,Fair,Satisfactory,Fair,Poor,Poor,Satisfactory,Fair,Poor,Fair,Poor,Poor,Poor,Fair,Satisfactory,Poor,Poor,Poor,Fair,Satisfactory,Poor,Poor,Satisfactory,Fair,Fair,Poor,Poor,Satisfactory,Poor,Poor,Poor,Poor,Satisfactory,Fair,Poor,Poor,18-23,Male,A/L,10000 - 40000,Sinhala,Anura Kumara Dissanayaka,Anura Kumara Dissanayaka,
04/11/2019 05:53:41,Yes,Western,Poor,Poor,Excellent,Poor,Poor,Poor,Poor,Poor,Excellent,Poor,Poor,Poor,Excellent,Poor,Poor,Poor,Poor,Excellent,Poor,Poor,Poor,Poor,Excellent,Poor,Poor,Poor,Poor,Excellent,Poor,Poor,Poor,Poor,Excellent,Poor,Poor,23-29,Male,Postgraduate Diploma,80000 - 120000,Sinhala,Gotabaya Rajapakasa,Gotabaya Rajapakasa,